gene,pLI
AAK1,1
AAMP,0.75169
ABCA2,1
ABCB7,0.99996
ABCD1,0.99889
ABCE1,0.97664
ABHD13,0.90627
ABHD17B,0.63656
ABHD17C,0.94265
ABHD2,0.71659
ABHD8,0.97283
ABI1,0.8695
ABL1,0.99998
ABLIM1,0.88783
ABR,0.9118
AC005358.1,0.99441
AC006486.9,0.91351
AC073610.5,0.68765
ACACA,1
ACAN,1
ACAP2,0.93818
ACE2,0.99813
ACER3,0.96225
ACHE,0.99826
ACIN1,0.99999
ACOT7,0.78845
ACRC,0.9969
ACSL4,0.98618
ACTA2,0.9299
ACTB,0.98512
ACTC1,0.77606
ACTL6A,0.99724
ACTN1,0.99994
ACTN2,0.99973
ACTN4,1
ACTR1A,0.96057
ACTR2,0.9989
ACTR3,0.99986
ACTR3B,0.99896
ACVR1B,0.9993
ACVR2A,0.99978
ACVR2B,0.81126
ADAM10,1
ADAM17,0.99904
ADAM23,0.99654
ADAMTS1,0.76085
ADAMTS10,0.83931
ADAMTS2,0.98191
ADAMTS6,1
ADARB1,0.98436
ADARB2,0.86824
ADCY1,0.99722
ADCY2,0.99974
ADCY5,0.99942
ADCY9,0.97298
ADD1,0.99071
ADD2,0.99667
ADD3,0.99815
ADIPOR1,0.6524
ADNP,1
ADNP2,0.89393
ADORA2A,0.59913
ADRBK1,0.99999
ADRBK2,0.6089
ADRM1,0.99749
AEBP2,0.99913
AES,0.93613
AF196779.12,0.96781
AFF2,0.99924
AFF3,0.99997
AFF4,1
AFTPH,0.99997
AGAP1,0.99992
AGAP2,0.99945
AGAP3,0.87196
AGFG1,0.99399
AGO1,1
AGO2,1
AGO3,0.99998
AGO4,0.99979
AGPAT1,0.96436
AGPAT3,0.99944
AGPS,1
AGTPBP1,0.93211
AHCTF1,1
AHCYL1,0.99597
AHCYL2,0.98975
AHDC1,1
AHNAK,0.90114
AHR,0.99998
AHSA1,0.99881
AIFM1,0.99937
AJAP1,0.99477
AJUBA,0.817
AKAP1,0.69762
AKAP11,0.98751
AKAP13,0.94406
AKAP4,0.99327
AKAP5,0.67741
AKAP6,0.99988
AKAP8,0.92069
AKIRIN1,0.78899
AKIRIN2,0.92201
AKT1,0.97917
AKT2,0.60593
AKT3,0.99956
ALAS2,0.99619
ALB,0.60914
ALCAM,0.70998
ALDH1A1,0.9599
ALG13,0.99998
ALKBH5,0.95179
ALYREF,0.9286
AMBRA1,1
AMD1,0.98311
AMIGO1,0.98086
AMIGO2,0.60458
AMMECR1,0.82953
AMMECR1L,0.99227
AMOT,0.99458
ANAPC1,0.96197
ANAPC2,0.99993
ANAPC7,0.85149
ANGPT1,0.99071
ANGPT2,0.85572
ANK1,1
ANK2,1
ANK3,1
ANKFY1,0.98704
ANKHD1,1
ANKHD1-EIF4EBP3,1
ANKIB1,0.99996
ANKRD11,1
ANKRD12,1
ANKRD13C,0.99521
ANKRD17,1
ANKRD28,1
ANKRD34A,0.98257
ANKRD40,0.64838
ANKRD50,0.98484
ANKRD52,1
ANKRD62,0.65914
ANKRD9,0.67903
ANKS1A,0.68105
ANKS1B,0.99999
ANO1,0.96341
ANO8,0.90658
ANP32A,0.99073
ANP32B,0.96055
ANP32E,0.96388
ANTXR1,0.9913
AP000783.1,0.71302
AP1B1,0.99774
AP1G1,1
AP1M1,0.71193
AP1S2,0.87573
AP2A1,1
AP2A2,1
AP2B1,0.9979
AP2M1,0.99921
AP2S1,0.79573
AP3B1,0.97373
AP3B2,0.81444
AP3D1,0.97858
APBA1,0.86874
APBA2,0.78708
APBB1,0.92855
APBB1IP,0.96027
APC,1
APC2,0.99994
APEX2,0.96425
APH1A,0.75023
API5,0.99995
APLNR,0.75834
APOO,0.62257
APPBP2,0.99657
APPL1,0.80874
AQR,1
AR,0.98299
ARAF,0.94955
ARC,0.60187
ARCN1,0.99998
ARF1,0.88575
ARF4,0.96511
ARF5,0.93988
ARF6,0.73583
ARFGEF1,1
ARFGEF2,0.99996
ARGLU1,0.88636
ARHGAP1,0.73503
ARHGAP21,1
ARHGAP23,0.99995
ARHGAP25,0.90447
ARHGAP26,0.99979
ARHGAP29,0.99994
ARHGAP30,0.99991
ARHGAP31,0.99999
ARHGAP32,0.99982
ARHGAP35,1
ARHGAP36,0.88431
ARHGAP4,0.96664
ARHGAP42,0.99999
ARHGAP44,0.99982
ARHGAP5,0.99868
ARHGAP6,0.99865
ARHGDIG,0.9213
ARHGEF1,0.79169
ARHGEF11,1
ARHGEF12,1
ARHGEF17,0.9673
ARHGEF2,1
ARHGEF6,0.99999
ARHGEF7,0.99995
ARHGEF9,0.99895
ARID1A,1
ARID1B,1
ARID2,1
ARID3A,0.99126
ARID4A,1
ARID4B,1
ARID5A,0.94314
ARID5B,1
ARIH1,0.99999
ARIH2,0.9957
ARL4A,0.81538
ARL4C,0.77696
ARL8A,0.93
ARMC1,0.67741
ARMC8,0.99999
ARMCX2,0.69964
ARMCX4,0.99999
ARNT,0.99541
ARNT2,0.99162
ARNTL,0.98967
ARPC1A,0.69824
ARPC2,0.99782
ARPC4,0.97617
ARPC5,0.78588
ARPP19,0.77852
ARRB1,0.99368
ARRDC3,0.98719
ARX,0.91019
ASAP1,1
ASAP2,0.99992
ASB7,0.9847
ASB9,0.71378
ASCL1,0.69744
ASF1A,0.75776
ASH1L,1
ASH2L,0.99973
ASIC1,0.88377
ASIC2,0.99873
ASNA1,0.91519
ASTN1,0.99998
ASTN2,0.9996
ASUN,0.95951
ASXL2,1
ASXL3,1
ATAD2,0.99991
ATAD2B,1
ATAD5,1
ATCAY,0.66285
ATF1,0.65453
ATF2,0.99215
ATF7,0.99753
ATF7IP,0.99998
ATG13,0.96077
ATG16L1,0.93725
ATG4A,0.98935
ATG4B,0.99056
ATG5,0.9726
ATG9A,0.9876
ATL1,0.98776
ATN1,0.9999
ATOH8,0.91423
ATP11C,0.99901
ATP13A1,0.98584
ATP13A3,0.99998
ATP1A1,1
ATP1A3,1
ATP1B1,0.99803
ATP2A2,0.99949
ATP2B1,1
ATP2B2,1
ATP2B3,0.99908
ATP2C1,1
ATP5A1,0.99924
ATP5B,0.99446
ATP6AP1,0.98909
ATP6AP2,0.88807
ATP6V0A1,0.99776
ATP6V0B,0.95929
ATP6V0C,0.751
ATP6V0D1,0.98063
ATP6V1A,0.8697
ATP6V1B2,0.991
ATP7A,0.99986
ATP9A,0.99999
ATRN,1
ATRNL1,0.99924
ATRX,1
ATXN1,0.98201
ATXN1L,0.99469
ATXN2,0.9425
ATXN2L,1
ATXN7,0.99345
ATXN7L1,0.99871
ATXN7L2,0.96726
ATXN7L3,0.99908
AURKA,0.86443
AUTS2,0.99944
AXIN1,0.72833
AXIN2,0.65863
AZIN1,0.99383
B3GALT2,0.91004
B3GNT2,0.85298
B3GNT3,0.71246
B3GNT5,0.76239
B3GNT7,0.71974
B4GALT5,0.99895
B4GALT6,0.91645
BABAM1,0.96217
BACE1,0.87664
BACH2,0.99852
BAG6,0.99999
BAHD1,0.98043
BAI1,1
BAI2,0.99977
BAI3,1
BANF1,0.60117
BANP,0.99527
BAP1,0.99292
BARHL2,0.60994
BASP1,0.68502
BATF,0.86835
BATF2,0.60025
BAZ1A,1
BAZ1B,1
BAZ2A,1
BAZ2B,0.96934
BCAR1,0.99811
BCL11A,0.97462
BCL11B,0.98893
BCL2L1,0.94053
BCL2L11,0.88878
BCL3,0.98924
BCL6,0.95703
BCL9L,0.99873
BCOR,1
BCORL1,0.99998
BCR,0.99765
BDNF,0.69969
BECN1,0.91207
BEGAIN,0.99193
BEND3,0.93646
BEND4,0.98122
BEX4,0.68734
BHLHE22,0.80332
BHLHE40,0.99513
BHLHE41,0.99131
BICC1,0.84255
BICD2,0.97992
BIN1,0.76923
BIRC6,1
BLNK,0.89624
BMI1,0.93768
BMP10,0.88803
BMP2,0.98843
BMP4,0.95584
BMP6,0.78104
BMPR1A,0.85155
BMPR1B,0.99892
BMPR2,0.99996
BNC1,0.97134
BNC2,0.93548
BOD1L1,0.99987
BPTF,1
BRAF,0.99992
BRD1,0.99952
BRD2,0.99961
BRD3,0.97698
BRD4,1
BRD7,0.99771
BRINP1,0.98688
BRINP2,0.99928
BRIX1,0.73716
BRK1,0.68697
BRPF1,0.99998
BRPF3,0.99998
BRS3,0.90963
BRSK1,0.99981
BRSK2,0.95361
BRWD1,1
BRWD3,1
BSN,1
BTAF1,1
BTBD11,0.99993
BTBD18,0.9978
BTBD2,0.85827
BTF3,0.70775
BTG3,0.9178
BTK,0.99998
BUB3,0.82881
BZW1,0.94026
C10orf12,0.99975
C10orf54,0.76867
C11orf30,1
C11orf84,0.99168
C12orf44,0.62249
C12orf5,0.72892
C12orf75,0.64249
C14orf2,0.80456
C16orf70,0.97752
C16orf72,0.98168
C17orf103,0.65785
C17orf104,1
C17orf75,0.80958
C17orf85,0.99894
C18orf25,0.89818
C18orf8,0.96982
C19orf26,0.73662
C19orf33,0.67018
C19orf68,0.94907
C1GALT1,0.76803
C1GALT1C1,0.8299
C1QTNF5,0.84263
C1R,0.73508
C1orf21,0.89567
C1orf226,0.94083
C1orf51,0.80026
C20orf112,0.995
C20orf24,0.66394
C2CD2L,0.98606
C2orf82,0.60139
C3,0.93842
C4B,0.75419
C4orf32,0.6718
C5orf24,0.74586
C6orf1,0.61859
C6orf106,0.9716
C6orf136,0.9524
C6orf62,0.98403
C7orf26,0.97804
C7orf60,0.99735
C8orf88,0.78684
C9orf147,0.60862
C9orf172,0.98925
CAAP1,0.79885
CAB39,0.66035
CABP1,0.86922
CACNA1A,1
CACNA1B,0.99996
CACNA1C,1
CACNA1D,1
CACNA1E,1
CACNA1G,1
CACNA1I,1
CACNA2D1,0.99998
CACNA2D2,0.99997
CACNA2D3,0.93941
CACNB1,0.75096
CACNG2,0.93506
CACNG3,0.99062
CACNG7,0.89562
CACNG8,0.96457
CACTIN,0.99998
CACUL1,0.95566
CACYBP,0.92338
CAD,0.99998
CADM1,0.62556
CADM2,0.88358
CADM3,0.98404
CADM4,0.99777
CADPS2,0.89474
CALCRL,0.98421
CALD1,0.99897
CALM1,0.94658
CALM2,0.92487
CALM3,0.922
CALR,0.89633
CAMK1D,0.99933
CAMK2A,0.998
CAMK2B,0.90995
CAMK2G,0.99886
CAMKV,0.99655
CAMSAP1,0.99977
CAMSAP2,1
CAMSAP3,1
CAMTA1,1
CAMTA2,0.99822
CAND1,1
CANX,0.97444
CAP2,0.6831
CAPN15,0.97647
CAPN6,0.74496
CAPRIN1,0.9549
CAPZA1,0.9414
CAPZA2,0.9983
CAPZB,0.92716
CARD11,0.99995
CARM1,0.99997
CASC5,0.80803
CASK,1
CASKIN1,0.99999
CASKIN2,0.99994
CASZ1,1
CBFA2T2,0.99601
CBFB,0.96164
CBLB,0.99754
CBLL1,0.99933
CBX1,0.97806
CBX2,0.99344
CBX3,0.95012
CBX4,0.98346
CBX5,0.93872
CBX6,0.97301
CBX7,0.68186
CBX8,0.99196
CCAR1,0.99998
CCAR2,0.94631
CCDC112,0.83454
CCDC117,0.79576
CCDC121,0.72868
CCDC132,0.69748
CCDC182,0.6823
CCDC22,0.99982
CCDC64,0.90726
CCDC85C,0.74832
CCDC88A,1
CCL2,0.61778
CCNA2,0.9997
CCNB3,0.86693
CCNC,0.99919
CCND1,0.90065
CCND2,0.9885
CCND3,0.97431
CCNE1,0.96405
CCNE2,0.87794
CCNI,0.84586
CCNJ,0.99817
CCNK,0.99981
CCNL1,0.99678
CCNT2,0.93391
CCNY,0.82544
CCNYL1,0.88022
CCSER2,0.65818
CCT2,0.99874
CCT3,0.99998
CCT4,0.99913
CCT5,0.99944
CCT6A,0.99585
CCT7,0.9856
CCT8,0.95501
CD19,0.89363
CD40,0.85939
CD40LG,0.72669
CD47,0.91235
CD59,0.62244
CD79A,0.67917
CD79B,0.89873
CD81,0.92906
CD86,0.95524
CDC14B,0.94301
CDC16,0.6438
CDC23,0.99352
CDC25A,0.84148
CDC26,0.66209
CDC27,0.99904
CDC34,0.95571
CDC37,0.90316
CDC37L1,0.96917
CDC40,0.9839
CDC42,0.80671
CDC42BPA,0.99878
CDC42BPB,1
CDC42SE2,0.77936
CDC5L,1
CDC73,0.99993
CDCA3,0.61625
CDH11,0.99982
CDH2,0.99085
CDH4,0.80687
CDH6,0.86159
CDH7,0.61688
CDH8,0.98999
CDH9,0.85768
CDIP1,0.87051
CDK1,0.98928
CDK12,1
CDK13,0.97712
CDK16,0.9938
CDK17,0.99945
CDK19,0.99984
CDK2,0.88902
CDK2AP2,0.76837
CDK5R1,0.91741
CDK5R2,0.6847
CDK6,0.98467
CDKL5,0.99892
CDKN1B,0.66239
CDKN1C,0.82245
CDKN2AIP,0.99269
CDV3,0.77722
CDYL,0.99239
CEBPD,0.60863
CECR2,1
CECR6,0.69404
CELF1,0.99976
CELF2,0.99994
CELF3,0.98286
CELF4,0.99674
CELF5,0.99864
CELSR1,0.99999
CELSR2,0.99983
CELSR3,0.99995
CENPB,0.99677
CENPI,0.99995
CEP170,1
CEP170B,0.99997
CEP350,1
CEPT1,0.99214
CFH,0.96239
CFLAR,0.99976
CGGBP1,0.77386
CHAF1A,1
CHAMP1,0.99353
CHD1,1
CHD2,1
CHD3,1
CHD4,1
CHD5,1
CHD6,1
CHD7,1
CHD8,1
CHD9,1
CHERP,1
CHIC1,0.84628
CHM,0.99906
CHMP1B,0.74959
CHMP4B,0.96504
CHMP6,0.98245
CHMP7,0.87816
CHORDC1,0.90486
CHP1,0.6606
CHRM1,0.99114
CHRM3,0.98948
CHRM4,0.97315
CHST1,0.69946
CHSY1,0.90659
CHTF8,0.83648
CHTOP,0.70847
CHUK,0.99619
CIC,0.99998
CIT,0.99934
CITED2,0.74879
CKAP5,1
CLASP1,1
CLASP2,1
CLCF1,0.95197
CLCN3,0.99976
CLCN4,0.99917
CLCN5,0.99803
CLDN11,0.91704
CLDN2,0.725
CLDN5,0.90443
CLIP1,0.66544
CLIP2,0.99997
CLIP3,0.90672
CLK2,0.99996
CLOCK,0.99971
CLPP,0.88305
CLPTM1,0.92363
CLPX,0.91227
CLSTN1,0.99324
CLSTN3,0.9897
CLTA,0.96815
CLTC,1
CLUH,0.99316
CLVS1,0.85794
CMAS,0.87922
CMIP,0.99999
CMPK1,0.85226
CMTR1,0.99638
CNBP,0.94633
CNEP1R1,0.78108
CNIH1,0.65247
CNIH2,0.94832
CNIH3,0.84994
CNKSR2,0.99995
CNN3,0.62977
CNNM2,0.99454
CNOT1,1
CNOT10,0.98276
CNOT2,0.99984
CNOT3,1
CNOT4,0.99997
CNOT6L,0.99819
CNOT7,0.99722
CNP,0.97395
CNTFR,0.95377
CNTNAP5,0.99292
COG3,0.99995
COL11A1,1
COL12A1,0.85234
COL1A1,1
COL1A2,1
COL27A1,0.83406
COL2A1,1
COL3A1,1
COL4A1,1
COL4A3BP,0.65902
COL4A5,1
COL4A6,0.81305
COL5A1,1
COL5A2,1
COL6A1,0.99999
COLCA2,0.75468
COLEC12,0.90979
COPA,1
COPB1,0.99995
COPB2,1
COPE,0.92132
COPS2,0.99996
COPS3,0.99956
COPS4,0.99906
COPS5,0.99928
COPS6,0.98653
COPS7B,0.62517
COPS8,0.75168
COPZ1,0.95382
CORO1A,0.96362
CORO1C,0.9983
COX5B,0.82885
COX7B,0.68043
CPE,0.99106
CPEB1,0.99915
CPEB3,0.99955
CPEB4,0.98193
CPLX1,0.81757
CPSF6,0.9998
CPSF7,0.99891
CRADD,0.86092
CREB1,0.99621
CREB3L1,0.98162
CREBBP,1
CREBL2,0.73286
CREBRF,0.99998
CRH,0.72442
CRIM1,0.99982
CRK,0.95784
CRMP1,0.99289
CRTC2,0.99775
CRTC3,0.87163
CS,0.98285
CSDE1,0.99999
CSE1L,1
CSF1,0.99155
CSF2,0.84256
CSK,0.99979
CSMD1,1
CSMD3,0.82391
CSNK1A1,0.99768
CSNK1D,0.99589
CSNK1E,0.99923
CSNK1G1,0.99904
CSNK1G2,0.99148
CSNK1G3,0.99902
CSNK2A1,0.98402
CSNK2A2,0.99888
CSNK2B,0.97899
CSRNP2,0.96187
CSTF1,0.95792
CSTF2,0.99936
CSTF3,0.99649
CTB-102L5.4,0.72666
CTBP1,0.98702
CTC-273B12.7,0.73414
CTC-432M15.3,0.95923
CTCF,0.99994
CTD-2545M3.6,0.90002
CTDNEP1,0.9767
CTDSP1,0.99175
CTDSPL2,0.9997
CTIF,0.99993
CTLA4,0.94317
CTNNA1,0.97809
CTNNB1,0.99999
CTNND1,0.99999
CTNND2,1
CTPS1,0.99359
CTPS2,0.82188
CTR9,1
CUL1,1
CUL2,1
CUL3,0.99949
CUL4A,0.99999
CUL4B,1
CUL5,1
CUL9,0.99143
CUX1,1
CUX2,1
CWC15,0.97853
CX3CL1,0.88477
CXCL13,0.82577
CXCR5,0.69682
CXXC1,0.91906
CXXC4,0.89557
CXXC5,0.89281
CXorf21,0.85395
CXorf22,0.98341
CXorf23,0.64502
CXorf30,0.6745
CXorf40A,0.59608
CXorf56,0.95892
CXorf65,0.88444
CYBB,0.99895
CYCS,0.65407
CYFIP1,0.97166
CYFIP2,1
CYLC1,0.92769
CYLD,0.9999
CYP26B1,0.99438
CYP46A1,0.98554
CYR61,0.60357
CYTH1,0.99982
CYTH3,0.92157
DAAM1,0.99914
DAAM2,1
DAB1,0.99986
DAB2IP,0.99992
DACH1,0.99953
DAG1,0.96884
DAGLA,0.99999
DAPK1,0.99734
DAZAP1,0.99987
DAZL,0.99373
DBF4,0.99396
DBN1,0.99492
DCAF10,0.7112
DCAF12L1,0.96024
DCAF15,0.9933
DCAF5,1
DCAF7,0.93792
DCAF8,0.99563
DCAF8,0.99964
DCAF8L2,0.80937
DCC,0.99416
DCHS1,0.99995
DCLK1,0.99959
DCLK2,0.96014
DCP1A,0.89196
DCTN2,0.99706
DCTN4,0.69224
DCUN1D1,0.98581
DCUN1D3,0.88153
DCUN1D5,0.99476
DDA1,0.89702
DDB1,0.99996
DDHD1,0.9651
DDI2,0.99788
DDIT3,0.62334
DDR2,0.87607
DDX1,0.9992
DDX17,0.99999
DDX19A,0.86496
DDX21,0.99996
DDX24,0.77321
DDX26B,0.99992
DDX39A,0.62406
DDX39B,0.99748
DDX3X,0.99982
DDX3Y,0.96849
DDX4,0.99826
DDX42,1
DDX46,1
DDX5,0.99999
DDX53,0.68212
DDX6,0.99969
DEDD,0.96678
DEF6,0.99843
DENND1A,0.99969
DENND4A,0.99901
DENND4B,0.98592
DENND5B,1
DENR,0.83397
DERL2,0.95619
DESI2,0.86178
DET1,0.64473
DGCR8,0.99967
DGKA,0.78711
DGKB,0.82107
DGKI,0.97214
DHX15,1
DHX30,1
DHX36,0.74518
DHX37,0.99211
DHX40,0.74591
DHX9,1
DIAPH1,0.97862
DIAPH2,0.9982
DICER1,1
DIDO1,1
DIO2,0.86835
DIP2B,0.99854
DIP2C,1
DIS3L2,0.92232
DKC1,0.99929
DKFZP761J1410,0.9875
DKK2,0.756
DLC1,0.99988
DLG1,0.99089
DLG2,0.98434
DLG3,0.99999
DLG4,0.99981
DLG5,0.99981
DLGAP1,0.9983
DLGAP2,0.9999
DLGAP3,0.99998
DLGAP4,0.98728
DLK2,0.75005
DLL1,0.99999
DLL4,0.99997
DLX1,0.96387
DLX2,0.98099
DLX6,0.91936
DMBX1,0.93776
DMD,1
DMRT1,0.76728
DMRTA2,0.90603
DMRTB1,0.83693
DMRTC2,0.75203
DMTF1,0.94615
DMTN,0.85833
DMWD,0.72852
DMXL1,1
DMXL2,1
DNAJA2,0.99825
DNAJB14,0.92284
DNAJB6,0.85156
DNAJC11,0.99991
DNAJC13,1
DNAJC14,0.99999
DNAJC2,0.98695
DNAJC5,0.83236
DNAJC6,0.99996
DNAJC7,0.98798
DNM1,0.9988
DNM2,0.99997
DNMT1,1
DNTTIP1,0.72864
DOCK2,0.99996
DOCK3,1
DOCK4,0.99107
DOCK9,1
DOPEY1,1
DOT1L,1
DPF1,0.98334
DPF2,0.99977
DPM2,0.71479
DPP10,0.99999
DPP8,0.99688
DPP9,0.99652
DPYSL2,0.99407
DPYSL3,0.99892
DPYSL5,0.9999
DR1,0.9246
DRD1,0.94149
DRD2,0.78648
DSCAM,1
DSCAML1,1
DSE,0.70406
DSG1,0.89437
DSP,0.99971
DST,1
DSTYK,0.87478
DTNA,0.69399
DTX3,0.88446
DUSP10,0.79161
DUSP4,0.97468
DUSP6,0.97942
DUSP7,0.66958
DUSP8,0.70089
DUSP9,0.82368
DYNC1H1,1
DYNC1LI1,0.99136
DYNC1LI2,0.98571
DYNLL1,0.70691
DYNLL2,0.75897
DYNLT3,0.706
DYRK1A,0.99958
DYRK1B,0.99264
DYRK2,0.99766
E2F1,0.98529
E2F3,0.91503
E2F5,0.92295
E2F7,0.99113
E2F8,0.74244
E4F1,0.67967
EBF1,0.99726
EBF2,0.99973
EBF3,0.99994
EBP,0.94415
ECE1,0.95596
EDA,0.97141
EDF1,0.79726
EDNRA,0.99154
EEA1,0.90739
EED,0.99987
EEF1A1,0.97945
EEF1A2,0.99606
EEF1G,0.99918
EEF2,0.99995
EFEMP1,0.99993
EFHC2,0.99877
EFNA5,0.9631
EFNB1,0.90026
EFNB2,0.98997
EFTUD2,1
EGLN1,0.97809
EGLN2,0.73503
EGR3,0.95492
EHD1,0.974
EHF,0.76383
EHMT1,1
EI24,0.69322
EIF1,0.8438
EIF1AX,0.90606
EIF2B4,0.96074
EIF2S1,0.97293
EIF2S2,0.9554
EIF2S3,0.96753
EIF3A,1
EIF3B,1
EIF3D,0.9997
EIF3F,0.96993
EIF3G,0.98398
EIF3I,0.94591
EIF3J,0.85735
EIF3L,0.75631
EIF4A1,0.99986
EIF4A2,0.99815
EIF4A3,0.99987
EIF4B,1
EIF4E,0.9475
EIF4ENIF1,0.99999
EIF4G1,1
EIF4G2,1
EIF4G3,1
EIF5,0.989
EIF5A,0.75541
EIF5B,0.99971
ELAC1,0.88502
ELAVL1,0.98861
ELAVL2,0.99245
ELAVL3,0.79576
ELAVL4,0.91843
ELF2,0.99581
ELF3,0.97247
ELFN1,0.99859
ELFN2,0.97097
ELK1,0.93763
ELL,0.99746
ELL2,0.9968
ELMO1,0.83164
ELMOD1,0.788
ELMOD2,0.75662
ELMSAN1,1
ELOVL1,0.69947
ELOVL4,0.83504
ELOVL5,0.94425
ELOVL6,0.95647
EMC4,0.83375
EMC7,0.87685
EMC8,0.8615
EMD,0.92951
EML1,0.99608
EMX1,0.89945
EMX2,0.95511
EN1,0.9307
EN2,0.64018
ENAH,0.99985
ENG,0.99877
ENY2,0.88077
EOMES,0.98526
EP300,1
EP400,1
EPB41L1,0.91726
EPB41L2,0.99523
EPB41L4B,0.99961
EPC1,1
EPC2,0.99998
EPHA4,1
EPHA6,0.65923
EPHA7,1
EPHB1,0.9995
EPHB2,0.99999
EPHB3,0.62376
EPM2AIP1,0.65776
EPN1,0.70744
EPN2,0.73179
EPS15L1,0.99964
EPS8,0.95593
EPT1,0.65853
ERBB2IP,0.99875
ERBB4,0.99892
ERC2,0.98722
ERCC6L,0.99934
ERF,0.99031
ERG,0.96989
ERGIC1,0.67576
ERH,0.89201
ERN1,0.9972
ERO1L,0.80983
ERP29,0.77441
ERP44,0.99118
ESCO1,0.99994
ESPL1,1
ESR1,0.9994
ESRP1,0.99924
ETF1,0.9967
ETNK1,0.92741
ETS1,0.7398
ETS2,0.99909
ETV1,0.88291
ETV3,0.97545
ETV5,0.99999
ETV6,0.98996
EVA1B,0.73703
EVI5L,0.99997
EVL,0.9981
EWSR1,0.99999
EXOC3,0.91805
EXOC3L2,0.67551
EXOC5,0.99985
EXOC8,0.99834
EXT1,0.9979
EYA1,0.99148
EYA3,0.99702
EZH2,1
F8,1
F9,0.99747
FADS2,0.99657
FAF1,0.99883
FAF2,0.99972
FAM115A,0.86672
FAM120A,1
FAM120C,1
FAM122B,0.83247
FAM131B,0.99247
FAM135A,0.99837
FAM135B,0.99988
FAM13B,0.81562
FAM155A,0.98034
FAM155B,0.80345
FAM160A2,0.98639
FAM160B1,0.99873
FAM168A,0.98294
FAM169A,0.99982
FAM171A1,0.98118
FAM171A2,0.86795
FAM193A,0.99988
FAM193B,0.99193
FAM195A,0.75728
FAM196A,0.93251
FAM196B,0.98161
FAM208A,0.99957
FAM211A,0.63829
FAM214A,0.87026
FAM214B,0.76847
FAM222A,0.85682
FAM3A,0.68523
FAM43A,0.76348
FAM46A,0.92855
FAM46C,0.94911
FAM46D,0.83715
FAM49B,0.97877
FAM50A,0.97471
FAM53B,0.8646
FAM57B,0.6509
FAM58A,0.91099
FAM60A,0.96422
FAM65A,0.92837
FAM65B,0.97459
FAM69A,0.87137
FAM83H,0.85724
FAM84A,0.88721
FANCB,0.99586
FAR1,0.98278
FAS,0.83991
FASN,1
FAT3,0.99999
FAT4,1
FAU,0.86001
FAXC,0.89559
FBL,0.99376
FBLN1,0.98513
FBLN5,0.99959
FBN1,1
FBN2,1
FBRS,0.99997
FBXL14,0.83729
FBXL16,0.97161
FBXL17,0.99903
FBXL19,0.99997
FBXL20,0.99716
FBXL3,0.98223
FBXL5,0.9987
FBXO11,1
FBXO15,0.72143
FBXO21,0.97315
FBXO22,0.97337
FBXO28,0.98209
FBXO3,0.98758
FBXO32,0.99581
FBXO33,0.99439
FBXO38,0.99909
FBXO41,0.99943
FBXO42,0.99295
FBXO45,0.97322
FBXO46,0.72853
FBXO5,0.99458
FBXW11,0.97978
FBXW2,0.99844
FBXW7,0.99933
FCGR2B,0.81171
FCHO1,0.99724
FCHO2,0.99943
FEM1C,0.67202
FERMT2,0.99999
FEZ1,0.73313
FEZF1,0.94543
FEZF2,0.98639
FGD1,0.99948
FGD5,1
FGF10,0.92301
FGF12,0.63757
FGF13,0.90603
FGF14,0.92224
FGF16,0.75945
FGF17,0.95756
FGF20,0.81541
FGF7,0.78285
FGF8,0.64931
FGF9,0.95354
FGFBP1,0.60707
FGFR1,0.99964
FGFR2,0.99747
FHL1,0.96904
FIGN,0.99167
FIP1L1,0.95662
FJX1,0.94715
FKBP1A,0.82026
FKBP5,0.68166
FKBP8,0.99836
FLCN,0.9209
FLI1,0.98911
FLNA,1
FLNC,0.99984
FLRT2,0.79336
FLT1,0.99992
FLT3,0.61361
FLT3LG,0.94214
FLT4,1
FMN2,0.99833
FMNL1,0.99978
FMNL2,0.99014
FMR1,0.69217
FNBP1,0.99241
FNBP1L,0.92415
FNBP4,1
FNDC3A,0.99998
FNDC3B,1
FNDC4,0.88452
FNIP1,0.99998
FNIP2,1
FNTA,0.99668
FOSB,0.95196
FOSL2,0.98291
FOXA2,0.76483
FOXA3,0.71655
FOXB1,0.9088
FOXC1,0.95504
FOXD1,0.67894
FOXE1,0.78894
FOXF1,0.9582
FOXF2,0.85786
FOXG1,0.94807
FOXI1,0.78094
FOXJ1,0.97022
FOXJ2,0.99672
FOXJ3,0.99679
FOXK1,0.82933
FOXL2,0.8805
FOXN1,0.93239
FOXN3,0.9291
FOXN4,0.83909
FOXO1,0.99697
FOXO3,0.99735
FOXO4,0.81404
FOXO6,0.75869
FOXP1,0.99997
FOXP2,1
FOXP3,0.9936
FOXP4,0.99925
FOXQ1,0.62447
FRMD4A,1
FRMD5,0.99735
FRMD7,0.78192
FRMPD4,1
FRS2,0.99782
FRY,1
FRYL,0.99785
FSCN1,0.82586
FST,0.98109
FSTL1,0.9059
FSTL3,0.91405
FTSJ1,0.99363
FUBP1,1
FUBP3,0.78326
FURIN,0.99993
FUS,0.99958
FXR1,1
FXR2,0.99996
FXYD6,0.6456
FXYD6-FXYD2,0.84972
FYN,0.99493
FZD2,0.68359
FZD4,0.99444
FZD5,0.98621
FZD8,0.81754
FZR1,0.99976
G2E3,0.96987
G3BP2,0.99961
G6PD,0.94422
GAB2,0.99466
GAB3,0.95201
GABARAPL1,0.83229
GABBR1,0.99989
GABBR2,0.99999
GABPA,0.99791
GABPB1,0.97894
GABRA1,0.98608
GABRA2,0.99619
GABRA4,0.93097
GABRA5,0.88185
GABRB1,0.9813
GABRB2,0.86156
GABRB3,0.96266
GABRD,0.99371
GABRG2,0.69051
GABRG3,0.83889
GAD2,0.70612
GAL3ST1,0.60339
GALNT13,0.99096
GANAB,0.99649
GAPVD1,1
GAS1,0.81324
GAS2L1,0.82667
GAS7,0.82989
GATA1,0.94999
GATA2,0.98133
GATA3,0.89505
GATA5,0.67214
GATA6,0.99629
GATAD2A,0.99937
GATAD2B,0.99998
GBX2,0.70384
GCH1,0.91089
GCK,0.65636
GCLM,0.99037
GCM1,0.99926
GCN1L1,1
GDA,0.99804
GDF11,0.97994
GDF5,0.68131
GDF6,0.98773
GDF7,0.62195
GDI1,0.99519
GDI2,0.8118
GEMIN7,0.65743
GEMIN8,0.94957
GFPT1,0.85725
GGA1,0.99992
GGNBP1,0.70646
GGNBP2,1
GGT7,0.98709
GID4,0.92378
GID8,0.98987
GIGYF2,1
GIT1,0.9997
GIT2,0.99757
GJB1,0.83659
GJC1,0.98442
GK,0.97956
GLA,0.99705
GLCE,0.90367
GLG1,1
GLI2,0.99006
GLI3,0.99999
GLIS2,0.8747
GLRA2,0.97722
GLRX5,0.75214
GLS,0.96416
GLTSCR1,0.98333
GLTSCR1L,1
GLUL,0.99566
GLYR1,0.99968
GMDS,0.99309
GMEB1,0.98796
GMEB2,0.99537
GMPS,0.99805
GNA11,0.99596
GNA12,0.97348
GNA13,0.87792
GNAI1,0.88269
GNAI2,0.97582
GNAL,0.99839
GNAO1,0.99035
GNAQ,0.99639
GNAS,0.70722
GNAZ,0.96278
GNB1,0.99892
GNB2,0.98983
GNB2L1,0.99718
GNG12,0.59659
GNL1,0.99922
GNL3L,0.99553
GOLGA2,0.97532
GOLT1B,0.85313
GON4L,0.98418
GORASP2,0.86095
GPATCH8,1
GPBP1,0.73694
GPC3,0.99863
GPC4,0.93942
GPHN,0.99999
GPKOW,0.99568
GPM6A,0.99091
GPR101,0.71243
GPR143,0.9332
GPR173,0.87957
GPR61,0.75938
GPR64,0.92683
GPR85,0.78172
GPR88,0.76607
GPRASP2,0.98519
GPRIN1,0.97116
GPS1,0.99808
GRAMD1B,0.99987
GRAMD4,0.99998
GRASP,0.90118
GRB10,0.95582
GRB2,0.9418
GREB1L,1
GRHL2,0.99912
GRHL3,0.99256
GRIA1,0.99621
GRIA2,0.99906
GRIA3,0.99979
GRID1,0.99982
GRID2,1
GRIK2,0.99979
GRIK3,0.99997
GRIK5,0.99898
GRIN1,0.98871
GRIN2A,0.99998
GRIN2B,1
GRIN2D,0.99997
GRIPAP1,0.99995
GRK5,0.73575
GRM3,0.80545
GRM4,0.99262
GRM5,0.99847
GRM7,0.99873
GSE1,1
GSG1L,0.7255
GSK3A,0.99917
GSK3B,0.96265
GSPT1,0.99987
GSPT2,0.98507
GSTT2B,0.71225
GTF2A1,0.99171
GTF2E1,0.8847
GTF2H1,0.99205
GTF2I,0.99875
GTF2IRD1,0.90415
GTF3C1,1
GTF3C2,0.99234
GTF3C4,0.66532
GTPBP1,0.96954
GTPBP4,1
GULP1,0.71485
H1F0,0.63803
H2AFY,0.75538
H2AFY2,0.9786
H2AFZ,0.88045
H3F3B,0.80375
HAPLN1,0.62094
HAS2,0.99343
HAS3,0.85344
HAT1,0.8195
HAUS7,0.98917
HBG2,0.63922
HCCS,0.89774
HCFC1,1
HCFC2,0.99991
HCN1,0.99988
HCN2,0.84401
HCN4,0.99961
HDAC2,0.99997
HDAC3,0.89765
HDAC4,1
HDAC5,1
HDAC6,1
HDAC7,0.99944
HDAC8,0.97609
HDAC9,0.99996
HDGFRP2,0.67796
HDGFRP3,0.97534
HDLBP,1
HEATR1,1
HECA,0.66313
HECTD1,1
HECTD2,0.998
HECTD4,1
HECW1,0.99996
HECW2,0.99965
HELLS,0.99972
HELZ,1
HEPACAM,0.81865
HERC1,1
HERC2,1
HERC4,0.99967
HERPUD1,0.99501
HERPUD2,0.9466
HES1,0.69366
HES7,0.82352
HEXIM1,0.98533
HEY2,0.90345
HGF,0.99958
HHIP,0.96217
HIAT1,0.9787
HIC2,0.99679
HIF1A,0.97467
HIP1,0.93284
HIPK1,1
HIPK2,1
HIRA,1
HIST1H2AC,0.61315
HIST1H3J,0.60979
HIST2H2AB,0.60424
HIVEP1,1
HIVEP2,1
HIVEP3,0.88354
HK1,0.91445
HLF,0.95276
HLX,0.88618
HM13,0.69072
HMBOX1,0.9985
HMBS,0.93195
HMG20A,0.70871
HMG20B,0.6707
HMGA1,0.83203
HMGA2,0.87587
HMGB1,0.83018
HMGB2,0.95575
HMGB3,0.78842
HMGCR,0.99897
HMGCS1,0.99843
HMGN2,0.86883
HMGXB3,0.99843
HMHA1,0.88119
HMX1,0.70311
HMX3,0.92299
HNF1A,0.95679
HNF1B,0.99957
HNRNPA0,0.91693
HNRNPA1,0.99873
HNRNPA2B1,0.99749
HNRNPA3,0.99611
HNRNPAB,0.76471
HNRNPC,0.98116
HNRNPD,0.99658
HNRNPDL,0.59871
HNRNPF,0.96728
HNRNPH1,0.99995
HNRNPH2,0.96096
HNRNPH3,0.99282
HNRNPK,0.99999
HNRNPL,0.99567
HNRNPLL,0.89768
HNRNPM,0.99999
HNRNPR,0.99986
HNRNPU,1
HNRNPUL1,0.99998
HNRNPUL2,0.99964
HOMER1,0.99937
HOMER3,0.95708
HOOK3,1
HORMAD1,0.90665
HOXA10,0.88903
HOXA11,0.94503
HOXA13,0.95936
HOXA3,0.93989
HOXB3,0.8999
HOXB5,0.69283
HOXB8,0.96265
HOXC13,0.94871
HP1BP3,0.98166
HPCA,0.65512
HPCAL1,0.90157
HPN,0.99884
HPRT1,0.94086
HS3ST3B1,0.67467
HS3ST4,0.78483
HS6ST1,0.92382
HS6ST3,0.98991
HSD17B10,0.89669
HSF1,0.94525
HSF2,0.98049
HSF5,0.99706
HSP90AA1,0.8608
HSP90AB1,0.99921
HSP90B1,0.99554
HSPA12A,0.98634
HSPA4,0.9999
HSPA5,0.77858
HSPA8,0.99852
HSPA9,0.97927
HSPD1,0.99184
HSPE1,0.81597
HSPE1-MOB4,0.99418
HSPH1,0.99961
HTATSF1,0.99686
HTT,1
HUNK,0.99258
HUWE1,1
HVCN1,0.65033
HYOU1,0.8722
ICMT,0.80431
ID2,0.68757
ID3,0.72747
IDH2,0.86525
IDS,0.94354
IDS,0.99642
IER2,0.77215
IER3,0.63556
IER5,0.87037
IFFO2,0.64016
IFNGR2,0.98962
IGBP1,0.98499
IGF1R,0.98751
IGF2BP1,0.9994
IGF2BP3,0.99997
IGF2R,1
IGFBP3,0.90957
IGFBP5,0.96169
IGSF1,0.99987
IGSF9B,0.98865
IKBKB,0.98476
IKZF1,0.99865
IKZF2,0.98885
IKZF3,0.98532
IKZF4,0.90737
IKZF5,0.79393
IL13RA1,0.96292
IL15,0.92752
IL1RAPL1,0.99841
IL1RAPL2,0.98515
IL21,0.64196
IL21R,0.99757
IL27,0.80066
IL2RG,0.99136
IL6ST,0.99996
IL7,0.92235
ILDR2,0.95523
ILF2,0.99298
ILF3,1
ILKAP,0.98426
INCENP,0.87746
INF2,0.99577
ING2,0.73238
ING3,0.99944
ING5,0.82461
INHBA,0.98017
INHBB,0.96805
INO80,1
INO80B,0.77828
INO80D,0.99958
INPP4A,0.99989
INPP5A,0.98668
INPP5D,0.96425
INSM1,0.65056
INSM2,0.88183
INTS10,0.99997
INTS12,0.93822
INTS2,0.99701
INTS3,0.99939
INTS6,1
INTS8,0.94091
IP6K1,0.93631
IP6K2,0.96384
IPMK,0.95507
IPO13,0.99998
IPO5,1
IPO7,1
IPO9,0.99984
IPPK,0.87721
IQGAP1,0.99767
IQSEC1,0.99975
IQSEC2,0.99998
IRAK1,0.98866
IREB2,0.99989
IRF1,0.99019
IRF2,0.81142
IRF2BP1,0.99136
IRF2BP2,0.85306
IRF2BPL,0.96332
IRF4,0.88028
IRF6,0.99961
IRF8,0.93789
IRS2,0.98626
IRS4,0.62756
IRX3,0.86015
IRX5,0.9759
ISL1,0.8963
ISY1,0.99991
ISY1-RAB43,0.99974
ITCH,0.99999
ITGB1,0.99941
ITGB8,0.99948
ITM2B,0.65117
ITM2C,0.70774
ITPK1,0.99442
ITPKA,0.90934
ITPKB,0.99995
ITPR1,1
ITSN1,1
IVNS1ABP,0.99129
IWS1,0.99798
JADE1,0.99984
JADE2,0.99994
JADE3,0.99981
JAG1,1
JAG2,1
JAK1,0.99996
JAKMIP1,0.99987
JAKMIP2,1
JAKMIP3,0.92049
JARID2,1
JAZF1,0.89735
JMJD1C,1
JMJD6,0.93282
JMY,0.99154
JPH1,0.80078
JPH3,0.99835
JPH4,0.99942
JUN,0.64845
JUNB,0.85964
JUND,0.70581
KAL1,0.99372
KALRN,1
KANSL1,0.99978
KANSL1L,0.6443
KANSL2,0.686
KANSL3,0.99998
KAT2B,0.9783
KAT6A,1
KAT6B,1
KAT7,0.99999
KATNBL1,0.7252
KAZN,0.6304
KBTBD2,0.99844
KBTBD6,0.97353
KCMF1,0.9703
KCNA2,0.87108
KCNA3,0.86034
KCNA4,0.99602
KCNAB1,0.82281
KCNAB2,0.72745
KCNB1,0.99957
KCNB2,0.99626
KCNC1,0.98934
KCND3,0.99295
KCNG3,0.66125
KCNH1,0.61851
KCNH2,0.99046
KCNH3,0.9986
KCNH4,0.99973
KCNIP4,0.95202
KCNJ3,0.99772
KCNJ4,0.97094
KCNJ6,0.86297
KCNK12,0.91293
KCNK3,0.89353
KCNK9,0.95591
KCNMA1,0.99968
KCNMB4,0.944
KCNN1,0.84003
KCNN2,0.99265
KCNN3,0.97435
KCNQ2,0.99997
KCNQ3,0.94609
KCNQ4,0.82359
KCNQ5,0.97514
KCNV1,0.98184
KCTD1,0.86018
KCTD10,0.84419
KCTD16,0.99449
KDELR1,0.97761
KDM1A,0.99909
KDM2A,1
KDM2B,1
KDM3A,0.99998
KDM3B,1
KDM4A,1
KDM4B,1
KDM5A,1
KDM5C,1
KDM5D,0.94352
KDM6A,1
KDM6B,1
KDM7A,0.99983
KDR,0.99979
KHDRBS1,0.99365
KHSRP,1
KIAA0232,0.99999
KIAA0247,0.66383
KIAA0355,0.97706
KIAA0368,1
KIAA0430,1
KIAA0907,0.99515
KIAA0922,0.99164
KIAA0947,1
KIAA1211L,0.99564
KIAA1239,0.99403
KIAA1244,1
KIAA1429,0.99973
KIAA1468,0.99987
KIAA1549,0.98806
KIAA1671,0.83084
KIAA2018,1
KIAA2022,0.99955
KIF11,1
KIF13A,1
KIF1A,1
KIF1B,1
KIF1C,0.74866
KIF23,1
KIF26B,0.99998
KIF2A,0.99997
KIF3A,0.98055
KIF3C,0.98579
KIF4A,0.99999
KIF5A,0.9999
KIF5B,0.99357
KIF5C,1
KIRREL,0.99781
KIRREL3,0.98731
KISS1R,0.81375
KIT,0.98635
KITLG,0.85938
KLC1,0.65323
KLC2,0.95621
KLF12,0.98234
KLF3,0.84773
KLF4,0.99727
KLF5,0.83989
KLF6,0.98192
KLF7,0.97956
KLF9,0.89393
KLHDC10,0.90588
KLHDC3,0.99875
KLHL10,0.98081
KLHL15,0.99518
KLHL2,0.99984
KLHL29,0.98023
KLHL3,0.95268
KLHL36,0.81498
KLHL9,0.77843
KMT2A,1
KMT2B,1
KMT2C,1
KMT2D,1
KMT2E,1
KPNA1,0.99966
KPNA2,0.59944
KPNA3,0.9576
KPNA4,0.9999
KPNA6,0.99938
KPNB1,1
KRBOX4,0.64779
KRT1,0.66033
KRT18,0.69653
KRT5,0.67979
KRTAP17-1,0.60885
KSR2,1
L1CAM,1
L3MBTL3,0.99952
LAMA5,0.99779
LAMC1,1
LAMP1,0.88386
LAMTOR1,0.71719
LAMTOR3,0.63483
LAPTM5,0.90463
LARGE,0.98889
LARP1,1
LARP4,0.90414
LARP4B,0.99997
LARP6,0.66436
LAS1L,0.99945
LASP1,0.98323
LATS1,0.99988
LATS2,0.98939
LBX1,0.68549
LCK,0.99941
LCOR,0.9604
LCORL,0.98177
LCP2,0.97946
LDB1,0.9748
LDB2,0.9617
LDLRAD4,0.65639
LEF1,0.99841
LEMD2,0.72373
LEMD3,0.99891
LENG8,0.99974
LEO1,0.86623
LEPR,0.99554
LEPROTL1,0.70981
LGI1,0.99939
LGR4,0.92294
LHFP,0.69536
LHFPL3,0.90496
LHFPL4,0.60406
LHX2,0.98832
LHX5,0.94293
LHX6,0.99311
LHX9,0.98419
LIMCH1,0.94028
LIMK1,0.99926
LIN52,0.92286
LIN54,0.99996
LIN7B,0.86067
LIN9,0.99769
LINGO1,0.9893
LINGO2,0.82307
LIPT2,0.6144
LMNA,0.9983
LMNB2,0.99997
LMO1,0.64153
LMO3,0.71406
LMO4,0.68728
LMOD1,0.86849
LMTK2,0.99983
LMTK3,0.99997
LMX1A,0.98929
LMX1B,0.78322
LNPEP,0.99985
LONP1,0.9994
LONRF1,0.63951
LONRF3,0.78851
LOX,0.98966
LOXL1,0.8817
LPAR3,0.69491
LPCAT3,0.98828
LPGAT1,0.98267
LPHN1,1
LPHN2,1
LPHN3,1
LPPR4,0.96618
LRCH1,0.99994
LRCH2,0.9967
LRFN1,0.91109
LRFN3,0.97405
LRFN4,0.89137
LRP1,1
LRP12,0.99822
LRP2,1
LRP5,0.73203
LRP6,0.98369
LRP8,0.99994
LRRC1,0.92833
LRRC25,0.89326
LRRC4,0.99756
LRRC41,0.99989
LRRC47,0.8626
LRRC4B,0.99484
LRRC4C,0.96094
LRRC7,1
LRRC8A,0.93373
LRRC8B,0.99656
LRRC8D,0.97578
LRRN1,0.97315
LRRN2,0.62651
LRRTM1,0.60234
LRRTM2,0.94441
LRRTM3,0.97979
LRTM2,0.87878
LSAMP,0.98843
LSM11,0.61287
LSM12,0.97362
LSM14B,0.996
LSM6,0.84596
LSM7,0.76576
LTBP3,0.91573
LTBP4,0.93501
LUC7L3,0.99999
LYL1,0.77283
LYN,0.99918
LYPLA2,0.94661
LZTS1,0.95062
LZTS3,0.99624
MACF1,1
MAEA,0.63566
MAF,0.74507
MAF1,0.94514
MAFB,0.91369
MAFG,0.7342
MAFK,0.72397
MAGEA11,0.69589
MAGED1,0.99783
MAGED2,0.99425
MAGEE1,0.96484
MAGEL2,0.97835
MAGI1,0.60869
MAGI2,0.99982
MAGOH,0.81414
MAGT1,0.9673
MAK16,0.96786
MAL,0.83429
MALT1,0.9966
MAML1,0.99993
MAML2,0.99993
MAML3,0.9999
MAN1A2,0.9991
MAOA,0.99944
MAOB,0.99856
MAP1A,1
MAP1B,1
MAP2,1
MAP2K1,0.9084
MAP2K2,0.96941
MAP2K4,0.99758
MAP2K6,0.98523
MAP2K7,0.99908
MAP3K1,1
MAP3K12,1
MAP3K13,0.77644
MAP3K2,0.99999
MAP3K3,0.98901
MAP3K4,1
MAP3K7,0.99994
MAP3K8,0.96782
MAP4,0.81755
MAP4K1,0.98709
MAP4K3,0.63099
MAP4K4,1
MAP4K5,0.99958
MAP7D1,0.9966
MAPK1,0.9973
MAPK14,0.77511
MAPK1IP1L,0.6631
MAPK6,0.90047
MAPK8,0.99827
MAPK8IP1,0.99962
MAPK8IP2,0.99998
MAPK8IP3,1
MAPKAP1,0.99998
MAPKAPK2,0.99939
MAPKAPK5,0.6933
MAPRE1,0.98949
MAPRE2,0.84814
MAPRE3,0.71537
MARK1,0.64615
MARK2,0.99997
MARK4,0.99946
MAST1,1
MAST3,0.99991
MAT2A,0.99857
MATR3,1
MAU2,1
MAX,0.84667
MAZ,0.98776
MBD1,0.99622
MBD2,0.90362
MBD3,0.97796
MBD5,1
MBD6,0.99951
MBNL1,0.74755
MBNL3,0.92705
MBTD1,1
MBTPS2,0.99797
MCF2,0.97334
MCL1,0.96776
MCM6,0.97441
MCMBP,0.99556
MCTS1,0.87369
MCU,0.85774
MDGA1,0.96588
MDGA2,0.99878
MDH1,0.92139
MDM2,0.99986
MDM4,0.99994
MECOM,1
MECP2,0.7829
MED1,1
MED12,1
MED12L,1
MED13,1
MED13L,1
MED14,1
MED15,0.99962
MED19,0.77857
MED26,0.82927
MEF2A,0.98872
MEF2D,0.99422
MEGF10,0.64149
MEGF9,0.9841
MEIS1,0.99909
MEIS2,0.99931
MEMO1,0.99383
MEN1,0.99973
MEOX2,0.92704
MEPCE,0.99761
MESDC1,0.91082
MESDC2,0.63588
MET,0.9942
METRNL,0.75342
METTL16,0.64473
METTL9,0.95296
MEX3A,0.98114
MEX3C,0.87545
MEX3D,0.92369
MFAP1,0.83036
MFAP3L,0.85366
MFN2,0.988
MGA,1
MGAT1,0.99104
MGAT4B,0.85884
MGAT5,0.99998
MGEA5,0.99451
MICAL3,0.99996
MID1,0.98455
MIER2,0.91062
MIER3,0.99872
MINK1,1
MINOS1,0.79865
MITF,0.99746
MKL1,0.99807
MKL2,0.99999
MKLN1,0.99997
MKRN1,0.99444
MKX,0.85055
MLEC,0.63124
MLF2,0.80668
MLLT1,0.9975
MLLT10,1
MLLT3,0.99972
MLLT4,1
MLLT6,0.99995
MLXIP,0.98996
MMGT1,0.81634
MMP14,0.99515
MMP16,0.97856
MMP2,0.83952
MMP24,0.872
MN1,0.99999
MNT,0.99777
MNX1,0.78793
MOB1A,0.95372
MOB4,0.98534
MON2,0.90518
MORC2,0.99998
MORC3,0.99997
MORC4,0.99808
MORF4L1,0.99431
MORF4L2,0.81591
MOSPD1,0.93098
MOSPD2,0.99824
MPC2,0.65108
MPHOSPH10,0.83669
MPP1,0.98954
MPP6,0.81873
MPPED2,0.99393
MPRIP,0.98266
MRAS,0.92434
MRC1,0.91764
MRC1L1,0.99677
MRC2,0.90628
MRGBP,0.93362
MRTO4,0.9864
MSANTD1,0.79945
MSANTD2,0.9131
MSH2,0.90508
MSI1,0.99434
MSI2,0.99514
MSL1,0.99902
MSL3,0.9969
MSN,0.99966
MTA1,1
MTA2,0.92456
MTCH1,0.6385
MTF1,0.96923
MTF2,0.99971
MTM1,0.99935
MTMR1,0.99931
MTMR12,0.99649
MTMR3,0.99988
MTMR4,0.99956
MTOR,1
MTPAP,0.99922
MTPN,0.82909
MTSS1,0.99992
MTSS1L,0.9925
MTUS2,0.85366
MUC5B,1
MXD4,0.92707
MYB,0.95718
MYBL1,1
MYC,0.99804
MYCBP,0.84841
MYCBP2,1
MYCN,0.89495
MYH10,1
MYH11,0.87958
MYH14,0.95376
MYH9,1
MYLPF,0.7465
MYNN,0.59824
MYO16,0.99678
MYO18A,0.97632
MYO5A,0.99089
MYO9A,0.90954
MYO9B,1
MYOG,0.89264
MYPOP,0.89237
MYRF,1
MYT1,0.97242
MYT1L,1
Mar.05,0.90724
Mar.06,1
Mar.07,0.91152
Mar.09,0.73673
N4BP1,0.6653
N4BP2L1,0.85588
NAA10,0.76927
NAA15,0.99394
NAA25,1
NAA30,0.98843
NAA35,1
NAA50,0.65477
NABP2,0.97158
NACC1,0.99666
NAF1,0.97974
NAMPT,0.98206
NANOG,0.71368
NAP1L1,0.99953
NAP1L2,0.77051
NAP1L4,0.64835
NAP1L5,0.70895
NASP,0.99636
NAT8L,0.85938
NAV1,1
NAV2,0.99996
NAV3,1
NBEA,1
NBEAL2,0.63191
NCALD,0.89788
NCAM1,0.99999
NCAPG2,0.99919
NCBP1,1
NCDN,0.99966
NCKAP1,1
NCKAP1L,0.94041
NCL,0.99994
NCLN,0.98598
NCOA1,0.99983
NCOA2,1
NCOA5,0.99921
NCOA6,0.99998
NCOR1,1
NCOR2,1
NCSTN,0.99921
NDC1,0.99933
NDEL1,0.97987
NDFIP1,0.97959
NDFIP2,0.85304
NDN,0.63879
NDP,0.66506
NDST1,0.99994
NDUFA2,0.76456
NDUFB11,0.81734
NDUFC2,0.68877
NDUFC2-KCTD14,0.66717
NDUFS7,0.92984
NEDD4L,1
NEDD8,0.86082
NEGR1,0.98476
NEK7,0.89029
NELL2,0.99962
NEURL1B,0.67449
NEURL4,0.99995
NEUROD1,0.77215
NEUROD2,0.93896
NEUROD6,0.88977
NEUROG2,0.8172
NF1,0.99974
NF2,0.99999
NFASC,0.99999
NFAT5,1
NFATC2,0.99995
NFATC3,0.99791
NFATC4,0.83367
NFE2,0.69142
NFE2L1,0.99883
NFIA,0.99918
NFIB,0.9987
NFIL3,0.84723
NFIX,0.999
NFKB1,1
NFKB2,0.99999
NFKBIA,0.99338
NFKBIE,0.77291
NFKBIZ,0.9997
NGEF,0.65387
NGF,0.76021
NGFRAP1,0.64512
NHP2L1,0.71587
NHS,1
NIPA2,0.92372
NIPBL,1
NISCH,0.99904
NKAP,0.99754
NKD1,0.99885
NKRF,0.99664
NKTR,0.9962
NKX1-1,0.70416
NKX2-2,0.76968
NKX2-3,0.94381
NKX2-5,0.94449
NKX3-2,0.62342
NLGN1,0.8823
NLGN2,0.99974
NLGN3,0.97322
NLGN4X,0.98984
NLK,0.99981
NMNAT2,0.98832
NMT1,0.9921
NNT,0.99246
NODAL,0.97532
NOG,0.89193
NOL4,0.99914
NOL6,0.99999
NONO,0.99418
NOP10,0.71204
NOP2,0.99994
NOP56,0.78938
NOS1,1
NOS1AP,0.6235
NOTCH1,1
NOTCH2,1
NOTCH3,0.86965
NOVA1,0.99527
NOVA2,0.98245
NPAS1,0.9941
NPAS2,1
NPAS3,0.99979
NPAS4,0.96647
NPAT,0.7576
NPEPPS,1
NPLOC4,0.99999
NPM1,0.99831
NPTN,0.99323
NPTX1,0.63316
NPTXR,0.74461
NR0B1,0.97154
NR1D1,0.78801
NR1H3,0.90516
NR2C2,0.99882
NR2E1,0.99886
NR2F1,0.99367
NR2F2,0.99018
NR3C1,0.97882
NR3C2,0.80843
NR4A2,0.99964
NR4A3,0.89536
NR5A1,0.99081
NR6A1,0.98018
NRBP1,0.99998
NRF1,0.99937
NRG1,0.99553
NRG2,0.99892
NRIP1,0.99531
NRK,0.99774
NRN1,0.86439
NRP1,0.99702
NRXN1,0.99997
NRXN2,0.99912
NRXN3,1
NSD1,1
NSDHL,0.96851
NSG2,0.89042
NTF3,0.88635
NTN1,0.9994
NTN4,0.97272
NTNG1,0.9233
NTNG2,0.99835
NTRK2,1
NTRK3,0.99955
NUCKS1,0.97313
NUDC,0.90768
NUDT21,0.98755
NUDT4,0.78949
NUFIP2,0.99913
NUMA1,1
NUMBL,0.99904
NUP153,1
NUP155,0.8103
NUP188,0.95477
NUP205,1
NUP62,0.94506
NUP85,1
NUP98,1
NUPL1,0.93222
NUS1,0.98293
NUTF2,0.90979
NXF1,0.98814
NXF2,0.74436
NXF2B,0.67975
NXN,0.99566
NXNL2,0.6859
NXPH2,0.93278
NXT1,0.66611
NXT2,0.83087
NYAP1,0.99895
OCRL,0.99999
ODF1,0.97492
OFD1,0.97411
OGDH,0.99794
OGT,1
OLFM1,0.99736
OLIG1,0.6535
OLIG3,0.83216
OMG,0.97323
ONECUT2,0.91143
OPA1,0.99792
OPHN1,0.99987
OPN1LW,0.95988
OPN5,0.82497
OR10C1,0.75507
OR12D2,0.66839
ORC2,0.79892
ORMDL3,0.78552
OSBP,0.99829
OSBPL11,0.9423
OSBPL6,0.99999
OSBPL9,0.98978
OSM,0.60219
OSR1,0.86897
OTC,0.88873
OTP,0.94021
OTUB1,0.96762
OTUD1,0.63669
OTUD4,0.99997
OTUD5,0.99709
OTUD7A,0.9927
OTX1,0.86633
OTX2,0.93911
OVOL1,0.87313
OVOL2,0.70119
OXR1,0.87091
OXSR1,0.93613
OXT,0.71566
P4HA1,0.94392
P4HB,0.99683
PA2G4,0.99856
PABPC1,0.99982
PABPC4,0.9993
PABPC5,0.89615
PACS1,1
PACS2,0.99996
PACSIN1,0.99891
PAFAH1B1,0.99994
PAFAH1B2,0.93736
PAGE1,0.75469
PAGE4,0.69637
PAGR1,0.75095
PAGR1,0.75095
PAIP1,0.99857
PAK2,0.97251
PAK3,0.98652
PAK7,0.99966
PAN2,0.93567
PAN3,0.99999
PANK4,0.98945
PAPD5,0.99946
PAPD7,0.99947
PAPOLA,0.99998
PAPOLG,0.99967
PARD3,0.93563
PARD6B,0.92533
PARK7,0.77817
PARP6,0.99994
PASD1,0.95016
PATL1,0.99344
PATZ1,0.99472
PAX1,0.70401
PAX2,0.71706
PAX5,0.99807
PAX6,0.99965
PAX8,0.99837
PAXBP1,0.99999
PAXIP1,1
PBRM1,1
PBX1,0.99558
PBX2,0.99309
PCBP1,0.91533
PCBP2,0.99564
PCBP3,0.86982
PCDH1,0.99786
PCDH10,0.85931
PCDH17,0.90674
PCDH19,0.99968
PCDH20,0.95895
PCDH9,0.79909
PCDHAC2,0.93218
PCDHGC4,0.97521
PCF11,1
PCGF1,0.99739
PCGF2,0.84892
PCGF3,0.99075
PCGF5,0.98284
PCIF1,0.99999
PCLO,1
PCMT1,0.79695
PCNA,0.9788
PCNP,0.70975
PCNX,1
PCNXL3,1
PCSK2,0.99962
PCYT1B,0.89875
PDCD10,0.96542
PDCD6IP,0.73611
PDDC1,0.79502
PDE10A,0.99998
PDE2A,0.82947
PDE4A,0.99231
PDE4D,0.99996
PDE8B,0.99947
PDGFA,0.80731
PDGFB,0.77485
PDGFC,0.99398
PDGFRA,1
PDGFRB,0.74901
PDHA1,0.99125
PDIA3,0.99687
PDIA6,0.63463
PDLIM4,0.98321
PDLIM7,0.68891
PDPK1,0.9709
PDS5A,1
PDS5B,1
PDXK,0.77647
PDZD2,0.99156
PDZD4,0.87084
PDZD8,0.99973
PDZRN3,0.99729
PEA15,0.76349
PEG10,0.89104
PELI2,0.83954
PELP1,0.99999
PER2,0.8969
PES1,0.88398
PEX26,0.9385
PFDN1,0.8425
PFDN6,0.94298
PFN1,0.73972
PGAP2,0.93918
PGD,0.98268
PGK1,0.78883
PGRMC1,0.68524
PGRMC2,0.66017
PHACTR1,0.6359
PHACTR3,0.99706
PHB,0.7074
PHC1,0.99947
PHC2,0.81404
PHC3,1
PHEX,0.99997
PHF1,0.99933
PHF12,1
PHF13,0.97636
PHF19,0.99953
PHF2,1
PHF20,0.99916
PHF20L1,0.99999
PHF21A,1
PHF21B,0.99746
PHF23,0.998
PHF3,0.99365
PHF5A,0.87376
PHF6,0.99732
PHF8,0.99963
PHIP,1
PHLDA1,0.81745
PHLPP1,0.99919
PHOX2A,0.82223
PHOX2B,0.94422
PHYHIP,0.84119
PHYHIPL,0.83214
PI4K2A,0.80097
PI4KB,0.75285
PIAS1,0.99999
PIAS2,0.99766
PIAS3,0.97702
PIAS4,0.99989
PICALM,0.99901
PIGA,0.96174
PIGR,0.81318
PIH1D3,0.85236
PIK3AP1,0.99999
PIK3C2B,0.99678
PIK3CA,1
PIK3CB,0.99993
PIK3CD,0.99999
PIK3R1,0.99976
PIK3R5,0.70604
PIM1,0.85773
PIM2,0.94392
PIM3,0.98206
PIN1,0.76129
PIN4,0.69984
PINLYP,0.64051
PIP4K2B,0.99782
PIP5K1C,0.96992
PITPNA,0.96559
PITPNB,0.98402
PITPNC1,0.99252
PITPNM2,1
PITPNM3,0.99995
PITX1,0.89175
PITX2,0.97909
PITX3,0.82414
PJA1,0.92322
PKD1,1
PKN2,1
PKNOX1,0.99254
PKNOX2,0.99184
PLAG1,0.99238
PLAGL1,0.97491
PLAGL2,0.98345
PLCB1,0.97459
PLCB3,0.80413
PLCG2,0.99843
PLCL2,1
PLEKHA2,0.93233
PLEKHA5,1
PLEKHF2,0.83289
PLK1,0.97577
PLK2,0.9999
PLP1,0.92708
PLRG1,0.99931
PLS3,0.9894
PLXNA1,0.99972
PLXNA4,0.99998
PLXNB2,0.99857
PLXNC1,0.99841
PLXND1,1
PMEPA1,0.93649
PMP22,0.91625
PNISR,0.99996
PNRC1,0.90749
PODXL2,0.99937
POFUT1,0.95589
POGK,0.92016
POGZ,1
POLA1,1
POLD3,0.9969
POLR1A,0.99998
POLR1B,0.99942
POLR2A,1
POLR2H,0.64835
POMP,0.9114
PORCN,0.99962
POT1,0.83236
POU2AF1,0.59786
POU2F1,0.90548
POU2F2,0.99896
POU3F2,0.92109
POU3F3,0.89436
POU4F1,0.88182
POU4F3,0.92721
POU5F1,0.98254
POU6F1,0.84321
PPAP2B,0.92057
PPARD,0.99399
PPARGC1A,0.99991
PPAT,0.9827
PPEF1,0.98417
PPFIA1,1
PPFIA2,1
PPFIA3,1
PPIE,0.72248
PPIG,0.9649
PPIL3,0.90013
PPM1A,0.99832
PPM1E,0.98972
PPM1G,0.94015
PPM1H,0.80111
PPME1,0.99895
PPP1CA,0.9819
PPP1CB,0.99926
PPP1CC,0.94173
PPP1R10,1
PPP1R12A,1
PPP1R12C,0.74656
PPP1R13B,0.99759
PPP1R16B,0.99967
PPP1R37,0.9938
PPP1R7,0.99525
PPP1R8,0.98497
PPP1R9B,0.99969
PPP2CA,0.99047
PPP2R1A,0.98564
PPP2R2A,0.99545
PPP2R2B,0.98184
PPP2R2C,0.90397
PPP2R2D,0.91749
PPP2R4,0.99153
PPP2R5A,0.81247
PPP2R5B,0.98472
PPP2R5C,0.96985
PPP2R5D,0.99993
PPP2R5E,0.99997
PPP3CA,0.9999
PPP3CB,0.99998
PPP4C,0.78691
PPP4R1,0.99923
PPP4R2,0.99826
PPP5C,0.99943
PPP6C,0.85248
PPP6R1,0.98506
PPP6R3,0.99917
PPRC1,1
PPTC7,0.91131
PQBP1,0.77525
PRAF2,0.73963
PRCC,0.96243
PRDM1,0.99173
PRDM11,0.97852
PRDM12,0.92608
PRDM16,0.99999
PRDM2,0.99988
PRDM6,0.87565
PRDM8,0.76519
PREX1,1
PRICKLE1,0.99999
PRICKLE2,0.99534
PRIMA1,0.62516
PRKAB2,0.93245
PRKACA,0.99374
PRKAG2,0.99578
PRKAR1A,0.9999
PRKAR1B,0.85268
PRKAR2B,0.99923
PRKCB,1
PRKCD,0.99994
PRKCE,0.9999
PRKCG,0.99991
PRKD2,0.99992
PRKDC,1
PRKG1,0.9999
PRKG2,0.908
PRKRIR,0.95543
PRLR,0.98863
PRMT1,0.99906
PRMT5,0.99999
PRMT8,0.99678
PROSER1,0.72833
PROX1,0.99886
PRPF19,0.99996
PRPF3,1
PRPF31,0.99773
PRPF38A,0.7902
PRPF38B,0.89296
PRPF39,0.9987
PRPF4,0.99926
PRPF40B,0.99956
PRPF4B,1
PRPF8,1
PRPS1,0.92306
PRPS2,0.94046
PRR12,1
PRR14L,0.99918
PRR19,0.83153
PRR26,0.66562
PRR7,0.86829
PRRC2A,1
PRRC2B,1
PRRC2C,1
PSAP,0.99175
PSD,0.91001
PSEN1,0.97833
PSENEN,0.82971
PSIP1,0.9994
PSMA1,0.9828
PSMA2,0.98479
PSMA3,0.98649
PSMA5,0.99466
PSMA6,0.98792
PSMA7,0.98863
PSMB1,0.96974
PSMB2,0.92109
PSMB3,0.95607
PSMB5,0.96177
PSMB7,0.89848
PSMC1,0.99951
PSMC2,0.99988
PSMC3,0.96055
PSMC5,0.94471
PSMC6,0.99694
PSMD1,1
PSMD11,0.99988
PSMD12,0.99969
PSMD13,0.99887
PSMD14,0.97602
PSMD2,1
PSMD3,0.99993
PSMD4,0.99775
PSMD6,0.99549
PSME3,0.99643
PSME4,1
PSPC1,0.98115
PTAR1,0.85161
PTBP1,0.99965
PTBP2,0.99972
PTBP3,0.83394
PTCH1,1
PTCHD1,0.98484
PTEN,0.81793
PTGER4,0.95608
PTGES,0.65991
PTGES3,0.98328
PTGS2,0.99639
PTHLH,0.83368
PTK2,0.99988
PTK2B,0.94209
PTK7,0.99726
PTOV1,0.80084
PTP4A2,0.95436
PTPN1,0.77909
PTPN11,0.99999
PTPN12,0.99996
PTPN2,0.99887
PTPN4,0.99924
PTPN6,0.99998
PTPRA,0.99998
PTPRB,0.80839
PTPRC,1
PTPRD,1
PTPRF,1
PTPRK,0.74274
PTPRM,1
PTPRS,1
PTPRT,1
PTPRZ1,0.98839
PUF60,0.99712
PUM1,1
PUM2,0.99404
PURA,0.94355
PURB,0.63892
PURG,0.96479
PVRL2,0.95575
PVRL3,0.91885
PVRL4,0.73062
PWWP2A,0.98571
PWWP2B,0.84515
PYGO1,0.98723
PYGO2,0.95317
QKI,0.763
QRICH1,0.9943
QSER1,1
R3HDM1,0.88708
R3HDM2,1
RAB10,0.97387
RAB11A,0.99248
RAB11FIP2,0.94073
RAB11FIP3,0.99785
RAB11FIP4,0.99368
RAB14,0.99117
RAB18,0.87992
RAB1A,0.81923
RAB1B,0.83892
RAB2A,0.98928
RAB30,0.93168
RAB33A,0.75377
RAB33B,0.67991
RAB35,0.97943
RAB39B,0.82957
RAB3A,0.95183
RAB3GAP2,0.99931
RAB4B,0.91487
RAB5C,0.93273
RAB6A,0.95962
RAB6B,0.96253
RAB7A,0.97159
RAB8A,0.9771
RAB9A,0.84828
RAB9B,0.74788
RABEP1,0.99852
RABGAP1,1
RABL6,0.99687
RAC1,0.70654
RAC2,0.96763
RAD21,0.9999
RAD23B,0.99566
RAD54L2,1
RAE1,0.99904
RAF1,0.88596
RAI1,1
RAI14,0.99721
RAI2,0.88907
RALA,0.97494
RALGAPA1,0.99999
RALGAPB,1
RALGDS,0.9054
RALGPS1,0.99998
RAN,0.97412
RANBP1,0.8335
RANBP10,0.96294
RANBP2,1
RANBP3,0.99996
RANBP9,1
RAP1A,0.61329
RAP1B,0.9192
RAP1GAP,0.81489
RAP1GAP2,0.94715
RAP1GDS1,0.92322
RAP2A,0.85684
RAPGEF1,0.99995
RAPGEF2,1
RAPGEF4,0.98711
RAPGEF5,0.99255
RAPGEF6,0.99601
RAPH1,0.99982
RARA,0.96438
RARB,0.99981
RARG,0.99453
RASA1,1
RASAL2,0.83605
RASGEF1A,0.97667
RASGEF1B,0.90559
RASGRF1,0.99999
RASGRP1,0.99178
RASIP1,0.99805
RASSF8,0.95245
RAVER1,0.84976
RB1,1
RB1CC1,1
RBBP4,0.99621
RBBP5,0.99981
RBBP6,1
RBBP7,0.98563
RBFOX1,0.95549
RBFOX2,0.99896
RBFOX3,0.99779
RBL2,0.99956
RBM10,1
RBM14,0.99866
RBM14-RBM4,0.98523
RBM15,0.99578
RBM15B,0.99911
RBM17,0.99983
RBM20,0.98966
RBM22,0.99931
RBM25,1
RBM26,1
RBM27,0.99999
RBM3,0.83052
RBM33,1
RBM38,0.71091
RBM39,0.99985
RBM4,0.98914
RBM41,0.96784
RBM42,0.61634
RBM47,0.99759
RBM5,1
RBM6,1
RBM7,0.65839
RBM8A,0.61514
RBMX,0.96577
RBMX2,0.94108
RBPJ,0.99968
RBPMS,0.97545
RBPMS2,0.87982
RBX1,0.94397
RC3H1,0.9938
RC3H2,1
RCAN2,0.8388
RCC1,0.93908
RCC2,0.95899
RCOR1,0.99993
RCOR3,0.99063
RDH10,0.98602
RDX,0.95693
REEP1,0.98764
REL,0.99846
RELA,0.99942
RELB,0.99259
RELL1,0.96178
RELN,1
REPIN1,0.62029
REPS1,0.9871
RERE,1
REST,0.99393
RET,1
REV1,0.99993
REV3L,1
REXO1,0.9841
RFC1,0.97281
RFWD2,0.99994
RFX1,0.99761
RFX2,0.99963
RFX3,1
RFX4,1
RFX7,1
RGAG1,0.99716
RGL1,0.9724
RGS1,0.80155
RGS10,0.75933
RGS19,0.96213
RGS7,0.92011
RGS7BP,0.96049
RHBDD2,0.62262
RHEB,0.98092
RHOA,0.8574
RHOC,0.75979
RHOQ,0.86343
RHOT1,0.76196
RHOV,0.7719
RHOXF1,0.78332
RIBC1,0.98364
RIC8B,0.99812
RICTOR,1
RIF1,1
RIMBP2,0.90837
RIMKLB,0.64009
RIMS1,0.99716
RIMS2,1
RING1,0.6479
RLF,1
RLIM,0.99424
RMND5A,0.97624
RND1,0.69555
RND3,0.95708
RNF103,0.84748
RNF11,0.59648
RNF111,0.99984
RNF113A,0.89663
RNF113B,0.77235
RNF126,0.95644
RNF138,0.68482
RNF144A,0.94027
RNF145,0.98152
RNF146,0.84761
RNF165,0.99232
RNF17,1
RNF19B,0.93225
RNF2,0.99346
RNF208,0.83844
RNF214,0.92263
RNF220,0.9991
RNF31,1
RNF34,0.62038
RNF38,0.99996
RNF4,0.80602
RNF40,0.99953
RNF41,0.95942
RNF8,0.99954
RNGTT,0.92249
RNPS1,0.98199
ROBO2,1
ROCK1,1
ROCK2,1
ROR1,0.99935
RORA,0.74459
RORB,0.99993
RORC,0.99977
RP11-101E3.5,0.69421
RP11-1055B8.7,1
RP11-152F13.10,0.99672
RP11-159G9.5,0.98971
RP11-343C2.11,0.64342
RP11-508N12.4,0.74658
RP11-565P22.6,0.82625
RP11-598P20.5,0.79435
RP11-599B13.6,0.87062
RP11-603J24.9,0.90893
RP11-762I7.5,0.99999
RP11-793H13.10,0.81823
RP2,0.95955
RPGR,0.99775
RPL10,0.92431
RPL10A,0.85521
RPL11,0.93772
RPL13,0.94999
RPL13A,0.80148
RPL14,0.90285
RPL15,0.9749
RPL17,0.93616
RPL17-C18orf32,0.6295
RPL18,0.96308
RPL18A,0.98392
RPL19,0.96764
RPL21,0.82853
RPL23A,0.91475
RPL24,0.67535
RPL26,0.91954
RPL27,0.86066
RPL27A,0.91975
RPL28,0.78088
RPL3,0.99472
RPL30,0.85652
RPL31,0.85886
RPL32,0.75407
RPL34,0.72898
RPL35A,0.90623
RPL36,0.69526
RPL36A-HNRNPH2,0.748
RPL38,0.80292
RPL4,0.99986
RPL5,0.99332
RPL6,0.99391
RPL7,0.99681
RPL7A,0.99563
RPL8,0.95862
RPL9,0.96297
RPLP0,0.92979
RPLP2,0.64374
RPRD1A,0.60919
RPRD2,1
RPS10,0.94361
RPS10-NUDT3,0.91063
RPS11,0.92199
RPS12,0.89467
RPS13,0.8751
RPS14,0.91257
RPS15,0.84297
RPS15A,0.81401
RPS16,0.70049
RPS18,0.97849
RPS19,0.82234
RPS2,0.82869
RPS23,0.86154
RPS24,0.69412
RPS25,0.86315
RPS26,0.8324
RPS27,0.76756
RPS27A,0.90252
RPS28,0.68968
RPS3,0.90385
RPS3A,0.96937
RPS4X,0.93162
RPS4Y1,0.63446
RPS5,0.95113
RPS6,0.97801
RPS6KA3,1
RPS6KA4,0.99633
RPS6KA5,0.99996
RPS6KA6,0.98441
RPS6KB1,0.97853
RPS7,0.95815
RPS8,0.99039
RPS9,0.88285
RPSA,0.92598
RPTOR,1
RQCD1,0.98658
RRAGB,0.77961
RRAGC,0.9773
RRAGD,0.96004
RRAS2,0.97585
RREB1,1
RRM1,1
RRM2,0.69556
RS1,0.95713
RSBN1L,0.66131
RSF1,1
RSL24D1,0.84506
RSPRY1,0.99985
RSRC2,0.99916
RTF1,1
RTN1,0.98497
RTN4,0.79399
RTN4R,0.95915
RTN4RL1,0.95811
RTN4RL2,0.8852
RTP4,0.60642
RUNDC3A,0.89318
RUNX1,0.88247
RUNX1T1,0.974
RUNX2,0.96155
RUNX3,0.96404
RUSC1,0.89707
RUSC2,0.99901
RUVBL1,0.9992
RUVBL2,0.99993
RWDD1,0.90705
RXRA,0.99865
RXRB,0.99715
RYK,0.97914
RYR2,0.99999
RYR3,0.77648
S100PBP,0.95391
S1PR1,0.73859
SACM1L,0.61119
SAE1,0.98934
SAFB,1
SAFB2,0.9997
SALL1,0.99977
SALL4,0.99994
SAMD4A,0.99971
SAMD4B,0.99993
SAP130,1
SARNP,0.99453
SARS,0.99914
SART1,0.97048
SART3,0.99636
SAT1,0.86703
SATB1,0.99298
SATB2,0.99999
SBF1,0.99727
SBNO1,1
SCAF1,0.99799
SCAF11,0.99999
SCAF4,1
SCAF8,1
SCAI,0.99937
SCAMP1,0.97108
SCAMP5,0.64475
SCARF2,0.99973
SCD,0.9581
SCFD1,0.99967
SCHIP1,0.98881
SCML1,0.9643
SCML2,0.99951
SCN1A,1
SCN2A,1
SCN3A,1
SCN5A,0.88219
SCN8A,1
SCRIB,0.9852
SCRT2,0.9132
SCUBE1,0.96891
SCUBE3,0.99923
SEC11C,0.73249
SEC14L1,0.87805
SEC24B,1
SEC24C,1
SEC61A1,0.98942
SEC61G,0.64048
SEC62,0.98534
SECISBP2L,0.9214
SEH1L,0.72712
SEL1L,0.9972
SEMA3A,0.98279
SEMA3F,0.99988
SEMA4C,1
SEMA4D,0.98109
SEMA6A,0.99993
SEMA6D,0.98353
SENP1,0.99885
SENP2,0.9858
SENP3,0.96213
SENP5,0.99983
SENP6,0.99996
SENP7,0.66623
SEPHS1,0.9798
SERBP1,0.99938
SERINC3,0.74667
SERP2,0.67493
SERPINC1,0.99863
SERPINE2,0.76421
SERPING1,0.99318
SERTAD2,0.89011
SESN3,0.71606
SESTD1,0.99947
SET,0.99606
SETBP1,1
SETD1A,1
SETD1B,1
SETD2,1
SETD5,0.99995
SETD8,0.98787
SETDB1,1
SETX,0.99254
SF1,0.99953
SF3A1,0.9893
SF3A2,0.89948
SF3A3,1
SF3B1,1
SF3B14,0.60343
SF3B2,0.99994
SF3B3,1
SF3B4,0.99076
SFMBT1,0.95129
SFMBT2,0.99963
SFPQ,0.99993
SFRP1,0.96807
SFSWAP,0.99999
SGIP1,0.99995
SGMS1,0.93736
SGTA,0.93693
SH2B1,0.94796
SH3GLB1,0.99463
SH3KBP1,0.99878
SH3PXD2A,0.99821
SHANK1,1
SHANK3,1
SHB,0.96651
SHE,0.98969
SHFM1,0.77973
SHH,0.98502
SHISA6,0.83308
SHISA7,0.8389
SHISA9,0.85963
SHOC2,0.99951
SHOX,0.66978
SHROOM4,0.99915
SIAH1,0.73525
SIAH2,0.69247
SIK1,0.98364
SIK2,0.9961
SIK3,1
SIM1,0.99816
SIM2,0.85988
SIN3A,1
SIN3B,1
SIPA1L1,1
SIPA1L2,0.98583
SIPA1L3,1
SIRPA,0.9171
SIX1,0.67761
SIX2,0.93502
SIX3,0.95104
SIX4,0.71108
SKI,0.99856
SKIDA1,0.99279
SKIL,0.982
SKIV2L2,0.96621
SKOR2,0.72935
SKP2,0.98807
SLAIN1,0.91451
SLAIN2,0.72427
SLC10A3,0.80038
SLC12A2,0.95373
SLC12A5,1
SLC13A4,0.82037
SLC16A2,0.98511
SLC17A7,0.9999
SLC1A2,0.61687
SLC1A3,0.98545
SLC1A6,0.78715
SLC20A2,0.96748
SLC22A23,0.82676
SLC24A3,0.85787
SLC25A14,0.98979
SLC25A28,0.93304
SLC25A5,0.9141
SLC29A1,0.90451
SLC2A1,0.99175
SLC2A13,0.96684
SLC2A4RG,0.59742
SLC30A1,0.98673
SLC30A10,0.9753
SLC32A1,0.96673
SLC35A1,0.70506
SLC35A2,0.65815
SLC35F1,0.96116
SLC38A1,0.93903
SLC38A2,0.9973
SLC38A5,0.97489
SLC39A10,0.99961
SLC39A8,0.66877
SLC39A9,0.67241
SLC40A1,0.99027
SLC41A1,0.67647
SLC41A2,0.96341
SLC44A1,0.99728
SLC48A1,0.711
SLC4A1,0.79885
SLC4A2,0.9808
SLC4A4,0.99703
SLC4A8,0.99958
SLC5A3,0.96585
SLC5A3,0.96585
SLC6A1,0.9999
SLC6A3,0.99854
SLC6A6,0.98494
SLC6A8,0.99655
SLC7A1,0.99399
SLC7A3,0.99394
SLC8A1,0.99605
SLC8A2,0.99607
SLC9A1,0.7925
SLC9A3,0.9766
SLC9A6,0.99799
SLC9A7,0.9938
SLIT1,1
SLIT2,1
SLIT3,0.79153
SLITRK1,0.96618
SLITRK3,0.91977
SLITRK4,0.76574
SLITRK5,0.88959
SLK,0.81309
SLMAP,0.99973
SLTM,0.99772
SMAD1,0.98839
SMAD2,0.99773
SMAD3,0.83866
SMAD4,0.99865
SMAD5,0.99863
SMAP1,0.99154
SMARCA1,1
SMARCA2,1
SMARCA4,1
SMARCA5,1
SMARCAD1,1
SMARCB1,0.99721
SMARCC1,1
SMARCC2,1
SMARCD1,0.99932
SMARCE1,0.99909
SMC1A,1
SMC2,0.99992
SMC3,1
SMCHD1,1
SMEK1,0.99998
SMEK2,0.66337
SMG1,1
SMG6,0.98529
SMG7,0.99999
SMIM11,0.63006
SMIM14,0.78836
SMNDC1,0.65234
SMPX,0.64086
SMS,0.97586
SMU1,0.99995
SMURF2,0.8812
SNAI2,0.81009
SNAP23,0.93165
SNAP25,0.98712
SNAP91,0.99992
SNCA,0.89644
SND1,0.99781
SNED1,0.67204
SNPH,0.97441
SNRK,0.99969
SNRNP200,1
SNRNP40,0.8591
SNRNP70,0.9988
SNRPA1,0.99007
SNRPB,0.73409
SNRPC,0.73111
SNRPD1,0.80513
SNRPD2,0.81545
SNRPD3,0.86313
SNRPE,0.91561
SNRPF,0.80772
SNRPG,0.81112
SNW1,0.99957
SNX1,0.89743
SNX12,0.78088
SNX18,0.9586
SNX2,0.97986
SNX27,0.99981
SNX3,0.62731
SNX9,0.71562
SOBP,0.99975
SOCS2,0.64199
SOCS3,0.74823
SOCS6,0.98985
SOCS7,0.99768
SOGA1,0.99999
SOGA3,0.91546
SON,1
SORCS1,0.85555
SORT1,0.99989
SOS1,1
SOS2,0.99963
SOST,0.8761
SOWAHA,0.67956
SOX1,0.628
SOX10,0.99136
SOX11,0.85688
SOX12,0.8539
SOX13,0.95624
SOX14,0.86222
SOX17,0.8943
SOX2,0.73489
SOX21,0.71552
SOX30,0.99495
SOX4,0.92627
SOX5,0.99997
SOX6,0.99992
SOX8,0.66984
SOX9,0.99826
SP1,0.99998
SP2,0.99927
SP3,0.99997
SP4,0.99434
SP8,0.96592
SP9,0.93677
SPAG9,1
SPARC,0.8832
SPAST,0.99955
SPATA2,0.97569
SPATS2,0.96694
SPCS2,0.91691
SPCS3,0.78401
SPDEF,0.96887
SPECC1L,0.86721
SPEG,0.83046
SPEN,1
SPHKAP,0.9579
SPI1,0.98293
SPIB,0.98093
SPIN1,0.97001
SPIN3,0.73516
SPIN4,0.75536
SPOCK1,0.80985
SPOP,0.99937
SPPL3,0.99676
SPRED1,0.95929
SPRTN,0.96769
SPRY2,0.97208
SPTAN1,1
SPTB,1
SPTBN1,1
SPTBN4,1
SPTLC2,0.76791
SPTSSA,0.65267
SPTY2D1,0.90925
SQLE,0.96951
SRC,0.99657
SRCAP,1
SRCIN1,0.99996
SREK1,0.98292
SRF,0.97512
SRGAP1,0.9985
SRGAP2,0.97656
SRGAP3,0.9998
SRGN,0.68958
SRP14,0.87148
SRP54,0.99912
SRPK2,0.99734
SRPR,0.98415
SRRM1,1
SRRM2,1
SRRM4,0.79817
SRSF1,0.98191
SRSF11,0.99828
SRSF3,0.95897
SRSF4,0.73532
SRSF5,0.67381
SRSF6,0.88402
SRSF7,0.98405
SRSF9,0.6521
SS18,0.81652
SS18L1,0.97225
SSBP2,0.99689
SSBP3,0.99994
SSH2,0.99801
SSR3,0.7544
SSR4,0.88603
SSRP1,0.99703
SSTR1,0.73219
SSU72,0.76531
ST13,0.61395
ST18,0.99428
ST3GAL2,0.9476
ST5,0.99994
ST7,0.99752
ST8SIA3,0.85841
STAG1,1
STAG2,1
STAM,0.84437
STAT1,0.99999
STAT2,0.85461
STAT3,1
STAT4,0.78288
STAT5A,0.99994
STAT5B,0.99977
STAT6,0.98741
STAU1,0.99972
STAU2,0.97621
STC2,0.66138
STIM1,0.95692
STIM2,0.99697
STIP1,0.99989
STK11,0.99292
STK38L,0.90598
STK39,0.99925
STK40,0.99459
STMN2,0.97895
STOX2,0.99687
STRAP,0.8676
STRBP,0.99944
STRN,0.66805
STRN3,0.81674
STRN4,0.99368
STS,0.76889
STT3B,0.99869
STX12,0.96139
STX1A,0.98227
STX1B,0.98243
STX5,0.82675
STXBP1,1
STXBP5,0.99966
STXBP5L,0.99915
SUB1,0.89247
SUCO,0.97487
SUDS3,0.64675
SUFU,0.99993
SUGP1,0.99446
SUGP2,0.99993
SULT4A1,0.96641
SUMO1,0.86399
SUMO2,0.87233
SUPT16H,1
SUPT5H,1
SUPT6H,1
SURF4,0.61258
SUV39H1,0.98623
SUV39H2,0.93538
SUV420H1,1
SUZ12,0.99998
SVEP1,0.99999
SVOP,0.99882
SWT1,0.99949
SYAP1,0.94311
SYCE3,0.60351
SYCP1,1
SYCP2,1
SYDE1,0.66997
SYK,0.99986
SYMPK,1
SYN1,0.98889
SYNCRIP,0.99944
SYNGAP1,1
SYNJ1,0.89147
SYNPO,0.9833
SYNRG,0.9318
SYP,0.89923
SYT1,0.60372
SYT11,0.907
SYT13,0.68487
SYT14,0.958
SYT2,0.98425
SYT3,0.78403
SYT7,0.95036
SYVN1,0.99959
SZRD1,0.61234
Sep.05,0.92863
Sep.06,0.98573
Sep.07,0.99914
Sep.09,0.99665
Sep.11,0.93233
TAB2,0.99998
TAC1,0.75489
TADA2B,0.74238
TAF1,1
TAF10,0.87266
TAF12,0.95529
TAF1L,0.93839
TAF3,0.99998
TAF4,1
TAF5,0.99944
TAF5L,0.99907
TAF7,0.8713
TAF7L,0.98442
TAGAP,0.85622
TANC2,1
TANK,0.85213
TAOK1,0.99999
TAOK2,0.99998
TAOK3,0.99978
TARDBP,0.98519
TASP1,0.61044
TAZ,0.72339
TBC1D10B,0.99978
TBC1D20,0.93348
TBC1D30,0.88605
TBCEL,0.97794
TBL1X,0.98045
TBL1XR1,0.99994
TBR1,0.99814
TBX1,0.83092
TBX15,0.71053
TBX18,0.99897
TBX2,0.99134
TBX20,0.97843
TBX21,0.99635
TBX22,0.97966
TBX3,0.98677
TBX5,0.99961
TCEA1,0.87512
TCEAL3,0.72925
TCEAL4,0.75979
TCEAL5,0.74536
TCEB1,0.74787
TCEB3,1
TCERG1,0.99997
TCF20,1
TCF21,0.84436
TCF4,0.99987
TCF7L2,0.99457
TCFL5,0.99286
TCOF1,0.98796
TCP1,0.99624
TDRD1,1
TDRD5,0.92971
TEAD1,0.99986
TEAD3,0.99506
TECPR2,0.83446
TEF,0.61532
TEK,1
TENM1,1
TENM2,1
TENM3,0.99994
TENM4,1
TERF1,0.87533
TERF2,0.98871
TERT,0.99999
TESK1,0.98716
TET1,1
TET3,1
TEX10,0.99999
TEX11,1
TFAP2A,0.99084
TFAP2B,0.99143
TFAP2C,0.92704
TFAP2D,0.99344
TFAP4,0.99703
TFCP2L1,0.99995
TFDP1,0.97614
TFDP2,0.99949
TFE3,0.97669
TFEB,0.89473
TGFA,0.74028
TGFB2,0.99912
TGFB3,0.98761
TGFBR1,0.83397
TGIF2-C20orf24,0.85367
THAP1,0.82188
THAP11,0.84867
THBS1,0.99996
THBS2,0.66149
THOC1,0.99939
THOC2,1
THRAP3,0.99999
THRB,0.99683
THSD7A,1
TIAL1,0.99992
TIAM1,0.96033
TIMM8A,0.60739
TIMP2,0.80818
TIMP3,0.6567
TIPARP,0.99991
TIPRL,0.94169
TJP1,1
TKTL1,0.99938
TLE1,0.99927
TLE3,1
TLE4,0.99999
TLK1,0.99999
TLK2,1
TLN1,1
TLN2,0.99692
TLR7,0.97165
TLX1,0.72245
TM4SF2,0.79365
TM9SF2,1
TM9SF3,0.99999
TM9SF4,0.99818
TMCC1,0.86643
TMED10,0.84396
TMED2,0.8955
TMEM108,0.99428
TMEM11,0.88273
TMEM115,0.80374
TMEM119,0.62425
TMEM121,0.62594
TMEM123,0.6367
TMEM131,1
TMEM132B,0.99898
TMEM132C,0.63788
TMEM132D,0.99976
TMEM135,0.81125
TMEM164,0.95108
TMEM167B,0.6921
TMEM170B,0.79919
TMEM178B,0.93962
TMEM179,0.67994
TMEM183A,0.88281
TMEM185B,0.97019
TMEM194A,0.88523
TMEM200A,0.81725
TMEM201,0.99132
TMEM203,0.65168
TMEM204,0.9209
TMEM210,0.64182
TMEM248,0.70481
TMEM259,0.99498
TMEM35,0.59771
TMEM39A,0.94549
TMEM47,0.7621
TMEM55B,0.89102
TMEM56,0.64927
TMEM57,0.99795
TMEM60,0.76909
TMEM63B,0.99999
TMEM63C,0.617
TMEM72,0.79279
TMEM89,0.76398
TMX2,0.64285
TNF,0.8046
TNFAIP3,0.99979
TNFRSF14,0.80848
TNFRSF1A,0.99585
TNFRSF1B,0.82467
TNFRSF8,0.83947
TNFSF12,0.75747
TNFSF12-TNFSF13,0.75747
TNFSF13,0.78889
TNFSF13B,0.9831
TNFSF8,0.94241
TNIK,1
TNIP1,0.75488
TNNC1,0.92017
TNPO1,1
TNPO2,1
TNRC18,0.99661
TNRC6A,1
TNRC6B,1
TNRC6C,1
TNS3,1
TOB1,0.95758
TOB2,0.88551
TOMM22,0.61298
TOMM40,0.99154
TOMM70A,0.99855
TOP1,1
TOP2A,0.99526
TOP2B,0.99997
TOPAZ1,0.99307
TOPBP1,1
TOPORS,0.9993
TOX,0.99895
TOX3,0.99955
TOX4,0.96421
TP53BP1,0.99997
TP53INP2,0.81275
TP63,0.99539
TP73,0.99736
TPP2,0.99903
TPR,1
TPT1,0.82085
TPX2,0.99976
TRA2B,0.99383
TRABD2B,0.84359
TRAF2,0.99979
TRAF3,0.99904
TRAF4,0.93711
TRAF6,0.9971
TRAM1,0.92555
TRAM2,0.94546
TRAPPC10,1
TRAPPC8,1
TRERF1,1
TRIB1,0.8468
TRIB2,0.98551
TRIM11,0.89202
TRIM13,0.90678
TRIM2,0.99905
TRIM24,1
TRIM27,0.99758
TRIM28,1
TRIM3,0.98755
TRIM33,1
TRIM39,0.99395
TRIM39-RPP21,0.72092
TRIM41,0.97055
TRIM46,0.99814
TRIM67,0.95624
TRIM71,0.9996
TRIM8,0.98952
TRIM9,0.99975
TRIO,1
TRIP12,1
TRIP13,0.9963
TRMT1L,0.80177
TRPC4AP,0.6663
TRPC5,0.99976
TRPS1,1
TRRAP,1
TSC1,1
TSC2,1
TSC22D1,0.97198
TSC22D2,0.97157
TSC22D4,0.96132
TSHZ1,0.9977
TSHZ2,0.99695
TSHZ3,0.99181
TSKS,0.99604
TSKU,0.86861
TSN,0.73659
TSPAN12,0.73305
TSPAN14,0.97488
TSPAN5,0.87475
TSPAN7,0.75436
TSPAN9,0.69046
TSPYL2,0.88856
TSPYL5,0.82776
TSR2,0.80587
TSSK6,0.69762
TTBK1,0.9999
TTBK2,0.99876
TTC17,0.99996
TTC28,1
TTC7B,1
TTYH1,0.99602
TTYH3,0.99925
TUBA1A,0.96902
TUBA1B,0.96818
TUBB,0.98045
TUBB2A,0.9372
TUBB2B,0.98831
TUBB3,0.96086
TUBB4B,0.83505
TUBGCP3,0.70998
TULP4,1
TUSC2,0.70651
TWF2,0.97848
TWISTNB,0.61576
TXLNA,0.99779
TXLNG,0.9985
TXNDC2,0.60093
TXNL1,0.89809
TYMS,0.75787
U2AF1,0.9913
U2AF2,0.99948
U2SURP,1
UBA1,1
UBA2,0.99994
UBA3,0.80898
UBA52,0.62703
UBALD1,0.80492
UBAP1,0.9188
UBAP2L,1
UBE2A,0.80984
UBE2D2,0.96991
UBE2E1,0.71062
UBE2E2,0.96449
UBE2F,0.93317
UBE2G1,0.96349
UBE2H,0.94726
UBE2I,0.97024
UBE2J1,0.79621
UBE2J2,0.92056
UBE2K,0.9829
UBE2L3,0.83626
UBE2M,0.81665
UBE2N,0.89165
UBE2O,1
UBE2Q1,0.99898
UBE2QL1,0.6726
UBE2R2,0.98048
UBE2S,0.63505
UBE2Z,0.92917
UBE3A,0.99985
UBE3C,0.99999
UBE4B,1
UBFD1,0.94424
UBL3,0.73718
UBN1,0.99996
UBN2,0.99991
UBP1,1
UBQLN1,0.999
UBQLN2,0.85734
UBQLN4,0.97653
UBR2,1
UBR3,1
UBR4,1
UBR5,1
UBTD1,0.75826
UBTF,1
UBXN1,0.72857
UBXN7,0.99987
UCHL1,0.98938
UCK2,0.72696
UFD1L,0.9965
UGCG,0.94609
UHMK1,0.82754
UHRF2,0.99943
ULK1,0.99475
UNC119B,0.79766
UNC13A,1
UNC5A,0.99981
UNC5D,0.90266
UNC79,1
UNCX,0.60017
UNK,0.99995
UNKL,0.75688
UPF1,1
UPF2,1
UPF3B,0.99662
UPRT,0.60447
USF2,0.99235
USO1,0.88564
USP1,0.99709
USP10,0.9998
USP11,0.99999
USP12,0.95984
USP14,0.91749
USP15,0.99997
USP19,0.99998
USP24,1
USP25,0.69862
USP27X,0.92974
USP3,0.99986
USP32,1
USP33,0.96938
USP34,1
USP37,0.99999
USP42,1
USP46,0.94802
USP47,1
USP48,1
USP49,0.9152
USP5,0.947
USP7,1
USP8,1
USP9X,1
UTP14A,0.99988
UTP15,0.99993
UTY,0.97281
UVRAG,0.98996
UXT,0.86518
VAMP2,0.88768
VANGL2,0.81842
VAPB,0.60962
VASN,0.69332
VASP,0.94987
VAV1,0.9999
VAX1,0.78385
VBP1,0.85697
VCAM1,0.74466
VCAN,1
VCP,0.99999
VCPIP1,1
VDAC1,0.97104
VDAC2,0.62698
VDAC3,0.99496
VEZF1,0.99428
VGLL1,0.8063
VGLL2,0.70099
VIM,0.78494
VKORC1L1,0.84839
VMP1,0.96873
VPRBP,1
VPS26A,0.59997
VPS26B,0.96116
VPS29,0.74176
VPS35,0.9722
VPS37D,0.92286
VPS4A,0.92763
VPS54,0.99981
VRTN,0.98619
VWC2,0.97258
WAC,1
WAPAL,1
WAS,0.99881
WASF1,0.99683
WASF2,0.96266
WASL,0.8838
WBP11,0.99993
WDFY3,1
WDFY4,0.6551
WDR1,0.99977
WDR13,0.90321
WDR18,0.99219
WDR20,0.88433
WDR26,1
WDR33,0.99999
WDR43,0.99999
WDR44,0.9997
WDR45,0.98907
WDR48,0.9998
WDR5,0.9998
WDR7,1
WDR82,0.86895
WDTC1,0.99914
WEE1,0.99971
WFDC2,0.79654
WHSC1,1
WHSC1L1,1
WIPF1,0.89931
WIZ,0.9967
WNK1,1
WNK2,1
WNK3,0.99999
WNT3,0.89381
WNT3A,0.96493
WNT5A,0.98838
WNT9A,0.87953
WSB1,0.74763
WSB2,0.9284
WSCD2,0.76452
WT1,0.99602
WTAP,0.99969
WWC3,0.99997
WWP1,0.99956
WWTR1,0.94585
XAB2,0.98657
XIAP,0.93063
XK,0.95991
XKR4,0.99916
XKR6,0.99842
XKR7,0.91749
XPO1,1
XPO4,1
XPO5,0.99959
XPO6,1
XPO7,1
XPOT,0.99675
XPR1,0.99998
XRCC5,1
XRCC6,0.99875
XRN1,1
XRN2,0.71967
XYLT1,0.92879
XYLT2,0.87421
YAF2,0.73887
YAP1,0.9993
YBX1,0.93029
YBX2,0.99886
YEATS2,0.99935
YIPF5,0.98698
YIPF6,0.89996
YLPM1,0.99999
YPEL2,0.93305
YTHDC1,1
YTHDC2,1
YTHDF1,0.99507
YTHDF2,0.99938
YTHDF3,0.99647
YWHAB,0.97991
YWHAE,0.98654
YWHAG,0.96918
YWHAH,0.7893
YWHAQ,0.63164
YWHAZ,0.9479
YY1,0.99457
ZAP70,0.71287
ZBED5,0.69404
ZBTB1,0.99274
ZBTB10,0.99634
ZBTB12,0.95303
ZBTB14,0.68183
ZBTB16,0.9992
ZBTB17,0.98519
ZBTB18,0.99702
ZBTB2,0.99788
ZBTB20,0.97928
ZBTB21,0.99803
ZBTB33,0.97187
ZBTB34,0.97878
ZBTB37,0.96066
ZBTB38,0.99933
ZBTB4,0.99984
ZBTB43,0.9899
ZBTB44,0.99937
ZBTB46,0.81863
ZBTB47,0.99982
ZBTB5,0.62218
ZBTB7A,0.96083
ZBTB8OS,0.90362
ZC2HC1A,0.92179
ZC3H11A,0.99997
ZC3H12B,0.99866
ZC3H12C,0.99951
ZC3H13,1
ZC3H14,0.8535
ZC3H15,0.87038
ZC3H18,1
ZC3H3,0.96115
ZC3H4,1
ZC3H7A,1
ZC3H7B,0.93665
ZC3H8,0.83187
ZC4H2,0.91146
ZCCHC11,1
ZCCHC14,0.97566
ZCCHC2,0.99158
ZCCHC24,0.9395
ZCCHC6,1
ZCCHC8,0.99962
ZDHHC14,0.91914
ZDHHC15,0.83802
ZDHHC17,0.99986
ZDHHC5,0.99999
ZDHHC8,0.81885
ZDHHC9,0.73642
ZEB1,0.96965
ZEB2,1
ZER1,0.99993
ZFAND3,0.92968
ZFAND5,0.85361
ZFC3H1,1
ZFHX2,0.99236
ZFHX3,1
ZFHX4,1
ZFP36,0.76823
ZFP36L1,0.66767
ZFP36L2,0.96304
ZFP82,0.61483
ZFP91,0.9996
ZFP92,0.63824
ZFPM2,1
ZFR,1
ZFX,0.99848
ZFY,0.72688
ZFYVE9,0.97594
ZG16,0.61774
ZHX1,0.81792
ZIC1,0.94245
ZIC2,0.97738
ZIC3,0.9278
ZIC5,0.70432
ZKSCAN1,0.96913
ZMAT2,0.97905
ZMIZ1,0.99925
ZMIZ2,0.99997
ZMYM2,0.99636
ZMYM3,1
ZMYM4,1
ZMYND11,0.99999
ZMYND19,0.94237
ZMYND8,1
ZNF101,0.74172
ZNF131,0.99988
ZNF146,0.93793
ZNF148,0.99997
ZNF182,0.98153
ZNF217,0.99996
ZNF219,0.99978
ZNF236,1
ZNF24,0.98473
ZNF280C,0.99901
ZNF281,0.99738
ZNF292,1
ZNF296,0.95317
ZNF318,0.87476
ZNF319,0.99888
ZNF322,0.74079
ZNF326,0.89606
ZNF331,0.98134
ZNF358,0.78029
ZNF362,0.94095
ZNF367,0.90806
ZNF384,0.99872
ZNF385D,0.64823
ZNF407,1
ZNF423,0.99997
ZNF444,0.86241
ZNF445,0.99976
ZNF449,0.727
ZNF460,0.69645
ZNF462,1
ZNF469,0.64762
ZNF483,0.96355
ZNF496,0.99632
ZNF503,0.95217
ZNF512,0.98111
ZNF512B,0.99994
ZNF513,0.81607
ZNF516,0.99994
ZNF521,1
ZNF532,0.98814
ZNF536,0.99948
ZNF541,1
ZNF563,0.76431
ZNF579,0.82016
ZNF592,0.99999
ZNF608,1
ZNF609,1
ZNF618,0.99876
ZNF625,0.73411
ZNF628,0.90218
ZNF629,0.99975
ZNF638,1
ZNF644,0.99941
ZNF652,0.96503
ZNF654,0.99792
ZNF672,0.64159
ZNF687,0.99323
ZNF691,0.81723
ZNF704,0.99563
ZNF706,0.71985
ZNF710,0.99125
ZNF711,0.99588
ZNF740,0.82765
ZNF746,0.66399
ZNF750,0.87812
ZNF770,0.99279
ZNF777,0.99999
ZNF784,0.82859
ZNF787,0.88837
ZNF800,0.99986
ZNF813,0.6544
ZNF827,0.99962
ZNF850,0.71908
ZNF865,0.99781
ZNFX1,0.99976
ZNRF1,0.91286
ZNRF3,0.98555
ZRANB1,0.99889
ZRANB2,0.9995
ZRSR2,0.99901
ZSWIM6,1
ZSWIM8,1
ZXDB,0.94772
ZYG11B,0.99801
ZZEF1,0.96721
ZZZ3,0.99998
